Scheme_Code,window_years,mean_cagr,min_cagr,max_cagr,overall_cagr,predicted_min_cagr
118269,1,0.16530260761099747,-0.2018410186166706,0.8642328420473806,0.14095157525158752,-0.09703817718427543
118269,2,0.1589859201861331,-0.052699352072218986,0.4691907486607436,0.14095157525158752,-0.010862474037153184
118269,3,0.15476220391496773,0.005373279569225176,0.2969938958271985,0.14095157525158752,0.029496639530701134
118269,4,0.1558592844213019,0.05258767673549647,0.3081231068540822,0.14095157525158752,0.05667667612598569
118269,5,0.15772017868459667,0.026134014799297,0.27060303461684665,0.14095157525158752,0.063749630647716
118269,6,0.1572543378578817,0.08147442318763742,0.2154572686900733,0.14095157525158752,0.08101780481578266
118269,7,0.15551681928928762,0.08959083118495004,0.18946342889817425,0.14095157525158752,0.10019218282076606
118269,8,0.15789568063176201,0.11566436793730683,0.19416080625601095,0.14095157525158752,0.10475599266471032
118269,9,0.1557908189873857,0.1303565627480361,0.17868771619078294,0.14095157525158752,0.11336397888044429
118269,10,0.15464618341300998,0.12823900086597861,0.1738972320405594,0.14095157525158752,0.11776966104414438
118272,1,0.16080989953270144,-0.15274822280436828,0.6297703506323584,0.13929491621116785,-0.07646926735741083
118272,2,0.1536704742390056,-0.034077771002560264,0.3716620730684326,0.13929491621116785,-0.013627052985582687
118272,3,0.14729314520704231,0.017345932804406994,0.2604004315781201,0.13929491621116785,0.023256608811811186
118272,4,0.1462027513772083,0.06393189147812395,0.2514842791761116,0.13929491621116785,0.05009204662131104
118272,5,0.1461101534390671,0.04521578265588633,0.22238475930496437,0.13929491621116785,0.057663370362913274
118272,6,0.1449951342000103,0.1031725378433388,0.18578517167573305,0.13929491621116785,0.07487156110755815
118272,7,0.1435343472085148,0.10937853999591196,0.18405082621797564,0.13929491621116785,0.09360249148227383
118272,8,0.14579258269850312,0.11072231818255696,0.19493815969807837,0.13929491621116785,0.09797230047789654
118272,9,0.14533649736726262,0.12244297895243661,0.1741941239663185,0.13929491621116785,0.10153338572448248
118272,10,0.14627198892878432,0.11877510953400461,0.16935383990759179,0.13929491621116785,0.10361594814266423
118320,1,0.07318078214314386,0.020431725980982085,0.11466528372418106,0.0717677602805935,0.04318827913186045
118320,2,0.07256838537243787,0.03285914603101059,0.10038495323995966,0.0717677602805935,0.03998110695757962
118320,3,0.07203757617709698,0.04428879069966185,0.08997106485658635,0.0717677602805935,0.04106424947039233
118320,4,0.07164813066599934,0.05131244321941986,0.09059279817775101,0.0717677602805935,0.053524576478867734
118320,5,0.07145933280467279,0.0577570603808113,0.08828444337907482,0.0717677602805935,0.055425933602050406
118320,6,0.07237285838532298,0.05805182074448001,0.08509547803723305,0.0717677602805935,0.060809209304844014
118320,7,0.07261371589800975,0.06477323098809484,0.08636152609001457,0.0717677602805935,0.06259739100421505
118320,8,0.07184321058033002,0.06640326696402221,0.08160908699240754,0.0717677602805935,0.06573658403317234
118320,9,0.07143925205598342,0.06618743709951036,0.0764934049618553,0.0717677602805935,0.06700932193602066
118320,10,0.07194123424871676,0.07009236481531023,0.0741612177565183,0.0717677602805935,0.06963674337184576
118407,1,0.07854067736922737,0.016264273977772747,0.12196376875362325,0.07840510101000286,0.04318827913186045
118407,2,0.07785389876558253,0.03246899434538442,0.11141168562276271,0.07840510101000286,0.03998110695757962
118407,3,0.07647993331239618,0.045326931622864386,0.10513631648276567,0.07840510101000286,0.04106424947039233
118407,4,0.07542800798974633,0.054181317743121626,0.09935159513373093,0.07840510101000286,0.053524576478867734
118407,5,0.07529559490114966,0.06111074119504245,0.08930434174779589,0.07840510101000286,0.055425933602050406
118407,6,0.07643782203980713,0.06250769447829785,0.09235248171663057,0.07840510101000286,0.06080920930484402
118407,7,0.07674853716752146,0.06734146555725995,0.09438856170188048,0.07840510101000286,0.06259739100421505
118407,8,0.07579031928296225,0.06975723975788606,0.0893240704553615,0.07840510101000286,0.06573658403317234
118407,9,0.07518542032516116,0.07043813079946215,0.08348150825736189,0.07840510101000286,0.06700932193602066
118407,10,0.07595484392626164,0.07188742232142276,0.08005053722005151,0.07840510101000286,0.06963674337184576
118479,1,0.1511075219306489,-0.28045359193366604,0.8521215376638318,0.1304899213842936,-0.09703817718427543
118479,2,0.14218783847649952,-0.11320973861476147,0.47891816360681494,0.1304899213842936,-0.010862474037153184
118479,3,0.13773195804903743,-0.041152449571697836,0.28725017885580684,0.1304899213842936,0.029496639530701137
118479,4,0.13747356327171967,0.018099329736261938,0.3146042579622943,0.1304899213842936,0.056676676125985676
118479,5,0.1372716752480655,-0.00552943367442682,0.2712753410046971,0.1304899213842936,0.063749630647716
118479,6,0.13465039812658863,0.04323579463399008,0.22309778645889833,0.1304899213842936,0.08101780481578266
118479,7,0.13209736808928715,0.059261017444075526,0.17170128784662664,0.1304899213842936,0.10019218282076606
118479,8,0.1359215046271939,0.0913618910565841,0.17184366795845962,0.1304899213842936,0.10475599266471032
118479,9,0.13645271152994684,0.10544088861623169,0.1664680566941361,0.1304899213842936,0.11336397888044429
118479,10,0.13671830385130518,0.11095158830047991,0.15927252131242953,0.1304899213842936,0.11776966104414438
118525,1,0.2556881508360956,-0.4028305045067633,1.2142404041819983,0.20121035035309887,-0.20108201034543816
118525,2,0.22590323370953988,-0.25463052961039734,0.6853980558811967,0.20121035035309887,-0.11393786186650198
118525,3,0.20944525463809652,-0.1368029383497299,0.4980615228846994,0.20121035035309887,-0.046212315465571724
118525,4,0.19843428287073853,-0.03589777872695388,0.4965801259979288,0.20121035035309887,0.01158913119824119
118525,5,0.18839578694617573,-0.02415228557249871,0.39287746906652576,0.20121035035309887,0.03814795748068682
118525,6,0.17581315374784912,0.05965121817004415,0.31985287835873577,0.20121035035309887,0.07032543728349862
118525,7,0.16922030126133702,0.11615100625393371,0.21127158708303528,0.20121035035309887,0.10983651053535619
118525,8,0.17991676049129957,0.12571048343498425,0.2607170850046421,0.20121035035309887,0.11340036777994422
118525,9,0.1875477591902232,0.13189290916800767,0.2396873626264442,0.20121035035309887,0.1395360504435299
118525,10,0.19702185352418652,0.14914803953992295,0.25358846157492176,0.20121035035309887,0.14589437032155517
118533,1,0.22397068216262025,-0.31329002564024433,0.9966600216824522,0.18197396501893293,-0.13683940305509065
118533,2,0.20325500624959658,-0.1680308049357857,0.5688005586429727,0.18197396501893293,-0.05974747944484123
118533,3,0.18709093173613792,-0.07536542155714798,0.4358334372726598,0.18197396501893293,-0.005082584784359236
118533,4,0.17838337460445122,0.011032239454025428,0.3686044143958864,0.18197396501893293,0.03271627893342442
118533,5,0.17179513819315984,0.004683769492303869,0.3248359561408596,0.18197396501893293,0.051044034729910925
118533,6,0.16478846449328868,0.08951503604124489,0.259011992163646,0.18197396501893293,0.07421073087699503
118533,7,0.1607091435980019,0.1049354552992523,0.21864514617996833,0.18197396501893293,0.09556278146688414
118533,8,0.16751148150500028,0.11097544970106776,0.24713186621950567,0.18197396501893293,0.10026002436932402
118533,9,0.1714047908206672,0.13022811351522856,0.21897151919415525,0.18197396501893293,0.10425526998087055
118533,10,0.17907345378667452,0.14067489654820897,0.21955696717797668,0.18197396501893293,0.10869150191707205
118546,1,0.15777400280083528,-0.22284230053811083,0.6914378080977472,0.13650839742337695,-0.07646926735741083
118546,2,0.15021970490960457,-0.08558934759242975,0.3825567135400494,0.13650839742337695,-0.013627052985582687
118546,3,0.14232655409562125,-0.028361169052165902,0.2842837657006778,0.13650839742337695,0.023256608811811186
118546,4,0.13831593858248795,0.017700880823237286,0.2768169309833117,0.13650839742337695,0.05009204662131104
118546,5,0.13616643579388993,0.01615215298377537,0.2421873262811125,0.13650839742337695,0.057663370362913274
118546,6,0.13316381214051776,0.07786733860707229,0.19591510574752902,0.13650839742337695,0.07487156110755815
118546,7,0.13067500536845456,0.09388417524333192,0.16717208304321662,0.13650839742337695,0.09360249148227383
118546,8,0.1348344162373603,0.09910129339269158,0.18293863795967202,0.13650839742337695,0.09797230047789653
118546,9,0.1358237654551753,0.11227236764232984,0.16454961596618145,0.13650839742337695,0.10153338572448248
118546,10,0.1389894177807727,0.11549880971718274,0.16412648888172776,0.13650839742337695,0.10361594814266424
118565,1,0.07421242098875155,-0.11545716147001217,1.923116604868643,0.16469981565063407,0.04318827913186045
118565,2,0.07287773093908305,-0.020572740130095357,0.7352363271110962,0.16469981565063407,0.03998110695757962
118565,3,0.07123724370482024,0.00983009177962213,0.4727745071623317,0.16469981565063407,0.04106424947039233
118565,4,0.07012998617084804,0.03438518871681895,0.3666065275543502,0.16469981565063407,0.053524576478867734
118565,5,0.06669703345882523,0.03591251464314338,0.31068929619840313,0.16469981565063407,0.055425933602050406
118565,6,0.06647194310286517,0.03485401563356039,0.23819481856904168,0.16469981565063407,0.060809209304844014
118565,7,0.06595641059914027,0.04329755010067715,0.2164797067045261,0.16469981565063407,0.06259739100421505
118565,8,0.06893282231431343,0.049316583158699245,0.19920082697085162,0.16469981565063407,0.06573658403317234
118565,9,0.07082886546455942,0.05626351931376461,0.18939517978555198,0.16469981565063407,0.06700932193602066
118565,10,0.07170219973214703,0.05806161223901185,0.17749683056989873,0.16469981565063407,0.06963674337184576
118569,1,0.08391785965581015,0.025960678455875685,0.1674588301627613,0.08359131289240462,0.04129470711267677
118569,2,0.08299241920541693,0.039354118285070294,0.1454334962108348,0.08359131289240462,0.042904223279869314
118569,3,0.0812163551011457,0.049502635581349486,0.12500252325869132,0.08359131289240462,0.05002187563076218
118569,4,0.08039685263272932,0.0567425803787629,0.12035986037374014,0.08359131289240462,0.0569476344762157
118569,5,0.08008779529440484,0.061493822025866285,0.1081733734094017,0.08359131289240462,0.0603407427050367
118569,6,0.08083466631413895,0.06698744460965256,0.10809679745871481,0.08359131289240462,0.06585103608844184
118569,7,0.08098073902585903,0.07032002820444161,0.10516034900813342,0.08359131289240462,0.06740330938630155
118569,8,0.08039984994649049,0.07285963647593219,0.10043675809151442,0.08359131289240462,0.06928317257544538
118569,9,0.08009014575230824,0.07387716416541257,0.092665378347212,0.08359131289240462,0.0700321245957048
118569,10,0.08081330609413734,0.07670569612450473,0.0897279370449966,0.08359131289240462,0.07185554896976602
118624,1,0.1610794847569434,-0.2014608087605385,0.6611006488083127,0.13966855521538069,-0.07646926735741083
118624,2,0.15397869641564335,-0.07111023196336896,0.42003052815672914,0.13966855521538069,-0.013627052985582687
118624,3,0.14779661353598753,-0.018374360569997195,0.28832896925012674,0.13966855521538069,0.023256608811811186
118624,4,0.14546691301904321,0.019194317209808354,0.3071946733536286,0.13966855521538069,0.05009204662131104
118624,5,0.1442635892181065,0.01133108160288776,0.2715289519434292,0.13966855521538069,0.057663370362913274
118624,6,0.14113970840112677,0.0652133194039819,0.22438748750726267,0.13966855521538069,0.07487156110755815
118624,7,0.1388509552063758,0.08033200518579964,0.17936490189835808,0.13966855521538069,0.09360249148227381
118624,8,0.14252593594413113,0.10376762378601745,0.17614711114797932,0.13966855521538069,0.09797230047789655
118624,9,0.1434436260091491,0.12001041080226127,0.16357680226022775,0.13966855521538069,0.10153338572448248
118624,10,0.14508370161714698,0.12282174974978233,0.16422496217143023,0.13966855521538069,0.10361594814266425
118632,1,0.1915518695113362,-0.3583586990219386,0.8733294485879843,0.15353911563473255,-0.09703817718427543
118632,2,0.1755395218132419,-0.15137938213763924,0.5259195319927055,0.15353911563473255,-0.010862474037153184
118632,3,0.16672828101191245,-0.059109439208374526,0.3546283317279366,0.15353911563473255,0.029496639530701137
118632,4,0.16417057263292423,0.00921826936573611,0.3787272078938515,0.15353911563473255,0.056676676125985676
118632,5,0.1603475509443682,-0.009390831131685928,0.31919781433820704,0.15353911563473255,0.063749630647716
118632,6,0.15354569115959188,0.056845230722667006,0.2597790490499492,0.15353911563473255,0.08101780481578266
118632,7,0.148999662132051,0.08222182895227825,0.18710109329435687,0.15353911563473255,0.10019218282076606
118632,8,0.15666859759435378,0.1084060439280552,0.19844400842990817,0.15353911563473255,0.10475599266471032
118632,9,0.16028677105384898,0.13175539889444643,0.18909428117319704,0.15353911563473255,0.11336397888044429
118632,10,0.16340595903811397,0.12885011515011535,0.19213565728722726,0.15353911563473255,0.11776966104414438
118633,1,0.19160998606994997,-0.3583586990219386,0.8733251825882038,0.15333182175169968,-0.09703817718427543
118633,2,0.1755052490856463,-0.15137938213763924,0.5259195319927055,0.15333182175169968,-0.010862474037153184
118633,3,0.16672678570965258,-0.059109439208374526,0.3546283317279366,0.15333182175169968,0.029496639530701134
118633,4,0.16418095084494483,0.00921826936573611,0.3787272078938515,0.15333182175169968,0.05667667612598569
118633,5,0.16033550563453314,-0.009390831131685928,0.31919781433820704,0.15333182175169968,0.063749630647716
118633,6,0.1535452775886594,0.056845230722667006,0.2597790490499492,0.15333182175169968,0.08101780481578266
118633,7,0.14900101977405217,0.08221839405098774,0.18710109329435687,0.15333182175169968,0.10019218282076606
118633,8,0.15668364621838576,0.1084060439280552,0.19844400842990817,0.15333182175169968,0.10475599266471032
118633,9,0.16029055973753925,0.13175539889444643,0.18909428117319704,0.15333182175169968,0.11336397888044429
118633,10,0.16341949852269588,0.12885011515011535,0.19213565728722726,0.15333182175169968,0.11776966104414438
118665,1,0.22887806197784996,-0.28066700040238424,0.9643895670861524,0.18438151740065956,-0.13683940305509065
118665,2,0.21132478577901367,-0.1446557067748453,0.6099001441242657,0.18438151740065956,-0.05974747944484123
118665,3,0.2009735722026333,-0.05548156854191788,0.3875760533685033,0.18438151740065956,-0.005082584784359236
118665,4,0.19648241302550107,0.03220389669529222,0.4413137293888587,0.18438151740065956,0.03271627893342442
118665,5,0.19272976100402409,0.007754429631133597,0.3708036339157259,0.18438151740065956,0.051044034729910925
118665,6,0.18658366950013094,0.06747798543730221,0.3208001651247838,0.18438151740065956,0.07421073087699505
118665,7,0.1825405330422552,0.09423648490216219,0.24418653402219026,0.18438151740065956,0.09556278146688414
118665,8,0.18831062586953484,0.13160063000079103,0.2342781371068674,0.18438151740065956,0.10026002436932403
118665,9,0.19122452262243397,0.16054241525061985,0.21747647546340398,0.18438151740065956,0.10425526998087055
118665,10,0.1951495649599117,0.16001525434200703,0.22553445790733018,0.18438151740065956,0.10869150191707205
118666,1,0.13879280288933993,-0.38738064417108997,0.8689736860896085,0.09733715065518589,-0.13683940305509065
118666,2,0.12080179425681577,-0.24225492026593143,0.5373486511946168,0.09733715065518589,-0.05974747944484123
118666,3,0.1102254979613875,-0.159585980612021,0.3253822237264896,0.09733715065518589,-0.005082584784359236
118666,4,0.10446299324119461,-0.07547497537832537,0.3715284894421256,0.09733715065518589,0.03271627893342442
118666,5,0.09902220409552487,-0.09274417160162562,0.2975983100123929,0.09733715065518589,0.051044034729910925
118666,6,0.09120421078458216,-0.03495882285497065,0.24597060517942948,0.09733715065518589,0.07421073087699505
118666,7,0.08655307366706416,-0.007481963173599504,0.15561595854018706,0.09733715065518589,0.09556278146688414
118666,8,0.09310414400126257,0.037190210137503676,0.1394787026176072,0.09733715065518589,0.10026002436932403
118666,9,0.0975321964520553,0.06848237473937169,0.12339044046004277,0.09733715065518589,0.10425526998087055
118666,10,0.10255777645822996,0.0703504292536612,0.1290052107475459,0.09733715065518589,0.10869150191707205
118777,1,0.31419930542473384,-0.3551104043399448,1.5186469568699406,0.24156626189936525,-0.20108201034543818
118777,2,0.27637351216647227,-0.22965943283415113,0.8468018809490947,0.24156626189936525,-0.11393786186650198
118777,3,0.25920960110205266,-0.08314972396492215,0.5451090177527826,0.24156626189936525,-0.046212315465571724
118777,4,0.2528624952865742,0.021039439267755533,0.548982901156176,0.24156626189936525,0.01158913119824119
118777,5,0.24551950541211198,0.02343762690596063,0.449801544659717,0.24156626189936525,0.03814795748068682
118777,6,0.23344563937964238,0.11147735209949494,0.35891012441244996,0.24156626189936525,0.07032543728349862
118777,7,0.227594726365773,0.16489480110014698,0.26996137240073637,0.24156626189936525,0.1098365105353562
118777,8,0.23768066992878376,0.1646106864665169,0.33212787528312937,0.24156626189936525,0.11340036777994421
118777,9,0.24437008919307543,0.18488714653688398,0.3127382073144864,0.24156626189936525,0.1395360504435299
118777,10,0.24980588179904611,0.1969287844514398,0.3182366011865463,0.24156626189936525,0.14589437032155517
118794,1,0.14964332411791065,-0.39506983557967923,0.7636870049874236,0.12159817747864454,-0.07646926735741083
118794,2,0.13564552899997936,-0.21177580375434357,0.4317368783276103,0.12159817747864454,-0.013627052985582687
118794,3,0.12645420154102763,-0.10690392830589268,0.28815412152455555,0.12159817747864454,0.023256608811811186
118794,4,0.12085280206912505,-0.034070597623278576,0.2994948984246124,0.12159817747864454,0.05009204662131104
118794,5,0.11464635405357662,-0.024946265539155243,0.25735174482050205,0.12159817747864454,0.057663370362913274
118794,6,0.10635068261333926,0.036189451697452135,0.21405942891744623,0.12159817747864454,0.07487156110755815
118794,7,0.10195569116095411,0.057909326442925124,0.13273467836979824,0.12159817747864454,0.09360249148227383
118794,8,0.1100313704704384,0.07820182329535408,0.1559988887100039,0.12159817747864454,0.09797230047789654
118794,9,0.11581355785709022,0.09194530554749192,0.14510145677870323,0.12159817747864454,0.10153338572448248
118794,10,0.12125143787747963,0.09634465475358422,0.14788594272342026,0.12159817747864454,0.10361594814266423
118796,1,0.0813183775788232,0.028189669175547438,0.12750225086867117,0.08075138265733495,0.04318827913186045
118796,2,0.0807354812744395,0.045648245936786846,0.11770943313417792,0.08075138265733495,0.03998110695757962
118796,3,0.07938859769950532,0.054343954316016685,0.11167516291494728,0.08075138265733495,0.04106424947039233
118796,4,0.0782984383000466,0.06154057926243395,0.10556141511867723,0.08075138265733495,0.053524576478867734
118796,5,0.07802166748511281,0.06524128472407131,0.09290480707135917,0.08075138265733495,0.055425933602050406
118796,6,0.0789243558664081,0.06776461414722523,0.09397201742904393,0.08075138265733495,0.060809209304844014
118796,7,0.07919577705158909,0.06877269286414833,0.0952197514350206,0.08075138265733495,0.06259739100421505
118796,8,0.07840734409101317,0.07106934541446752,0.09205179947361408,0.08075138265733495,0.06573658403317234
118796,9,0.07800889089147212,0.07240949813919828,0.08590880737688344,0.08075138265733495,0.06700932193602066
118796,10,0.07889219752522439,0.0744076852189195,0.08383586370496454,0.08075138265733495,0.06963674337184576
118807,1,0.07962697634894146,0.033645197492591095,0.11119402605739293,0.07935782801752067,0.04129470711267677
118807,2,0.07918309635380902,0.048059326484365616,0.10359189246689193,0.07935782801752067,0.042904223279869314
118807,3,0.07814199941361567,0.05625434564797516,0.10029801371058267,0.07935782801752067,0.05002187563076218
118807,4,0.07718174813968415,0.06458311434144348,0.09652314092922865,0.07935782801752067,0.0569476344762157
118807,5,0.07687248672095665,0.06607705949245446,0.08981959654622695,0.07935782801752067,0.0603407427050367
118807,6,0.07735216504239747,0.0689686048913305,0.08897241592595329,0.07935782801752067,0.06585103608844184
118807,7,0.07742026267024588,0.07004965060002233,0.08921236806723876,0.07935782801752067,0.06740330938630155
118807,8,0.07706308217927677,0.07198284896768148,0.087183944019116,0.07935782801752067,0.06928317257544538
118807,9,0.07689376857203097,0.07175660956609553,0.08307648813597868,0.07935782801752067,0.0700321245957048
118807,10,0.07772306107461976,0.07360573744068666,0.08063893198530536,0.07935782801752067,0.07185554896976602
118814,1,0.07962784994803496,0.033646618175187104,0.11119967515437135,0.07925148989012576,0.04129470711267677
118814,2,0.07920211829336914,0.04806213766183509,0.10359159237340831,0.07925148989012576,0.042904223279869314
118814,3,0.0781669599190839,0.05625261430501749,0.10029764757609705,0.07925148989012576,0.05002187563076218
118814,4,0.07721778928519527,0.06458271107974456,0.09652224973388024,0.07925148989012576,0.0569476344762157
118814,5,0.07690100251870197,0.06608001850998368,0.089819782948658,0.07925148989012576,0.0603407427050367
118814,6,0.07737519689670287,0.06897123429297536,0.0889728438715578,0.07925148989012576,0.06585103608844184
118814,7,0.0774451008262177,0.07004701372682098,0.0892102474126708,0.07925148989012576,0.06740330938630155
118814,8,0.07710266416602156,0.07198222778229901,0.08720627154620053,0.07925148989012576,0.06928317257544538
118814,9,0.07692130938604806,0.07175620578000297,0.08304710052729702,0.07925148989012576,0.0700321245957048
118814,10,0.07772885457873946,0.07360553277299364,0.08063766898492886,0.07925148989012576,0.07185554896976602
118872,1,0.2035657985472418,-0.24223683364814197,0.9538545797694731,0.1568341335718335,-0.13683940305509065
118872,2,0.1866385789913089,-0.145326553422094,0.5785793978548968,0.1568341335718335,-0.05974747944484123
118872,3,0.17710729386058272,-0.03825075487021279,0.39556885698547095,0.1568341335718335,-0.005082584784359236
118872,4,0.17362663967170722,0.037820585088975456,0.3610577562747883,0.1568341335718335,0.03271627893342442
118872,5,0.1699377496981689,0.01652053337048942,0.29739799884677676,0.1568341335718335,0.051044034729910925
118872,6,0.16456541262833274,0.10109159514649924,0.22563801466288358,0.1568341335718335,0.07421073087699505
118872,7,0.16203640880687065,0.11153977909445434,0.21102663719614867,0.1568341335718335,0.09556278146688414
118872,8,0.16683725597014878,0.11398135117251962,0.24269419881302223,0.1568341335718335,0.10026002436932403
118872,9,0.16946947758197292,0.12425187092867263,0.2192965310051045,0.1568341335718335,0.10425526998087055
118872,10,0.17356650643956834,0.12823590633861337,0.22902723967694105,0.1568341335718335,0.10869150191707205
118987,1,0.08084641638273847,0.017989451830154213,0.1327582206719622,0.07995276668705054,0.04129470711267677
118987,2,0.08087747365731383,0.03804295614100184,0.11801443253049593,0.07995276668705054,0.042904223279869314
118987,3,0.07992369592697827,0.050127300286735066,0.1120560077040853,0.07995276668705054,0.05002187563076218
118987,4,0.07905781405915684,0.057945562127724504,0.10650149757416072,0.07995276668705054,0.05694763447621571
118987,5,0.07896990424208013,0.06064427720289545,0.09407861707838983,0.07995276668705054,0.0603407427050367
118987,6,0.08022308554171466,0.06327921380065438,0.09653875495493569,0.07995276668705054,0.06585103608844184
118987,7,0.0805454263300997,0.07034765285579603,0.09891746712224725,0.07995276668705054,0.06740330938630155
118987,8,0.07952122190007617,0.07239772283804702,0.09419039242093552,0.07995276668705054,0.06928317257544538
118987,9,0.07882792001601954,0.07178563683202355,0.08682515046760919,0.07995276668705054,0.0700321245957048
118987,10,0.0795495255556981,0.07410060079505931,0.0852321335783437,0.07995276668705054,0.07185554896976602
118989,1,0.248574587375053,-0.3292212265170764,1.0267804996148153,0.2042597788101943,-0.13683940305509065
118989,2,0.22556893647095355,-0.18476309423188553,0.5985693974201283,0.2042597788101943,-0.05974747944484123
118989,3,0.21199678917015116,-0.08360988882664655,0.43974465202148894,0.2042597788101943,-0.005082584784359236
118989,4,0.2039142087671847,0.013664569689742834,0.4502659356187364,0.2042597788101943,0.03271627893342442
118989,5,0.19577442972930667,0.00785967066368487,0.3783443516114653,0.2042597788101943,0.051044034729910925
118989,6,0.18688285140435004,0.08663936455997501,0.3178086533979174,0.2042597788101943,0.07421073087699503
118989,7,0.18210441705300617,0.12370690692060227,0.23462313987734884,0.2042597788101943,0.09556278146688414
118989,8,0.18974391935951512,0.13677775194742758,0.25228941031106666,0.2042597788101943,0.10026002436932402
118989,9,0.1956403998722673,0.16243313267807102,0.23745217799901197,0.2042597788101943,0.10425526998087055
118989,10,0.20373771220958975,0.16563765105784745,0.2456037419995658,0.2042597788101943,0.10869150191707205
119016,1,0.08056110495433565,0.026477096514971432,0.1237747692799509,0.08000705296738198,0.04318827913186045
119016,2,0.08005751651441219,0.041227309628344866,0.11247233206327256,0.08000705296738198,0.03998110695757962
119016,3,0.0789737247157939,0.051973603055706086,0.10552381139891098,0.08000705296738198,0.04106424947039233
119016,4,0.07812554511644157,0.059897257771571066,0.09978116961927563,0.08000705296738198,0.053524576478867734
119016,5,0.07811026219101433,0.0641374064437592,0.0912459645985948,0.08000705296738198,0.055425933602050406
119016,6,0.07916959959541477,0.06588373862272245,0.09194238757263906,0.08000705296738198,0.060809209304844014
119016,7,0.07943901972100517,0.07154413220067779,0.09508729687708639,0.08000705296738198,0.06259739100421505
119016,8,0.0785993410942334,0.07346082555001687,0.09092731412558419,0.08000705296738198,0.06573658403317234
119016,9,0.07795104434534657,0.07305386566121208,0.08519417725275846,0.08000705296738198,0.06700932193602066
119016,10,0.07855277000766174,0.07444670259821828,0.0830091553025365,0.08000705296738198,0.06963674337184576
119018,1,0.16608308096710372,-0.3705030793931857,0.9096864985970421,0.13288461569850818,-0.09703817718427543
119018,2,0.1504903501196572,-0.1501475789851695,0.5035817804833667,0.13288461569850818,-0.010862474037153184
119018,3,0.14549281062444905,-0.07509121654372852,0.3404442494403239,0.13288461569850818,0.029496639530701137
119018,4,0.1445342515880765,0.006763025812072998,0.3551060499294547,0.13288461569850818,0.056676676125985676
119018,5,0.14143933238660378,-0.014500686013517838,0.29508170972557557,0.13288461569850818,0.063749630647716
119018,6,0.13644801805518406,0.03369955177109407,0.2342558168282376,0.13288461569850818,0.08101780481578268
119018,7,0.1321399266853533,0.06330865664926333,0.17006194907657535,0.13288461569850818,0.10019218282076606
119018,8,0.13903978449398605,0.09793555026912992,0.18852035424514946,0.13288461569850818,0.10475599266471032
119018,9,0.14146442777333487,0.11363026093178741,0.1715624572640677,0.13288461569850818,0.11336397888044429
119018,10,0.1439039646998949,0.11536222123299678,0.17089168432749235,0.13288461569850818,0.11776966104414438
119019,1,0.1611130570742313,-0.16153186678802145,0.6546006805015894,0.1339046288253798,-0.07646926735741083
119019,2,0.15441206947680486,-0.05770936022999018,0.36515091668104094,0.1339046288253798,-0.013627052985582687
119019,3,0.1473094237930778,-0.004891527582034705,0.27798728985846655,0.1339046288253798,0.023256608811811186
119019,4,0.14406230118506758,0.05173687674427785,0.2492109495089072,0.1339046288253798,0.05009204662131104
119019,5,0.14252606686242067,0.03986143586740476,0.23841639692081062,0.1339046288253798,0.057663370362913274
119019,6,0.14081828296684842,0.09767964403552254,0.18995868684101747,0.1339046288253798,0.07487156110755815
119019,7,0.13943227441016154,0.10133635029986188,0.18131080405006195,0.1339046288253798,0.09360249148227383
119019,8,0.1418047622331469,0.10504380681928982,0.194095189943291,0.1339046288253798,0.09797230047789654
119019,9,0.14199903690849844,0.11585114953607789,0.16898160004802576,0.1339046288253798,0.10153338572448248
119019,10,0.1450314346984078,0.12501245857388765,0.16838604063553997,0.1339046288253798,0.10361594814266423
119053,1,0.14819057840536784,-0.23182927602701764,0.6693800528228122,0.12628134812420422,-0.07646926735741083
119053,2,0.13833258533296308,-0.09990527869875443,0.4038501375917187,0.12628134812420422,-0.013627052985582687
119053,3,0.12933061730450712,-0.045189603148737656,0.280869387463494,0.12628134812420422,0.023256608811811186
119053,4,0.12634855602094974,0.00492460594485844,0.2626503948076975,0.12628134812420422,0.05009204662131104
119053,5,0.12406321102200314,-0.005597543948916428,0.22490194214498027,0.12628134812420422,0.057663370362913274
119053,6,0.12085549181832649,0.06556444435353703,0.18132543895992126,0.12628134812420422,0.07487156110755815
119053,7,0.11831862005570368,0.0791107128851325,0.156777820608889,0.12628134812420422,0.09360249148227383
119053,8,0.12242344487422667,0.08529374846697824,0.1739717793290032,0.12628134812420422,0.09797230047789654
119053,9,0.12381997678151511,0.09629623250489683,0.15983846490741782,0.12628134812420422,0.10153338572448248
119053,10,0.1266028227517333,0.09460722048982495,0.1562159091940596,0.12628134812420422,0.10361594814266423
119133,1,0.14484112651315167,-0.29789702826576436,0.758443184185019,0.12376994251695295,-0.09703817718427543
119133,2,0.1385200388782921,-0.12213138332448392,0.409705403709685,0.12376994251695295,-0.010862474037153184
119133,3,0.13458210282802233,-0.039963232660730985,0.26713040020758183,0.12376994251695295,0.029496639530701137
119133,4,0.1333566242331831,0.02649466183494864,0.29338716708051704,0.12376994251695295,0.056676676125985676
119133,5,0.1312680040257456,0.013574020835815714,0.2405244556895667,0.12376994251695295,0.063749630647716
119133,6,0.1278028042539666,0.05884315838446508,0.19989043658958439,0.12376994251695295,0.08101780481578268
119133,7,0.12503633624764757,0.06851630194215885,0.1557105119869011,0.12376994251695295,0.10019218282076606
119133,8,0.12953525267947427,0.09465613725286315,0.1661799957976564,0.12376994251695295,0.10475599266471032
119133,9,0.13139420182541217,0.10661413059385283,0.15306833282007726,0.12376994251695295,0.11336397888044429
119133,10,0.13331393390701468,0.10598841517610236,0.1526042569214121,0.12376994251695295,0.11776966104414438
119226,1,0.07815670107970159,0.022406519005499614,0.11906861504167243,0.07760901934712838,0.04318827913186044
119226,2,0.07754781379274288,0.0341946852007502,0.11168044197200477,0.07760901934712838,0.03998110695757962
119226,3,0.07615905843428177,0.045788483637793975,0.10644255327891194,0.07760901934712838,0.04106424947039233
119226,4,0.07500683021905115,0.05380445507022302,0.10167875513949376,0.07760901934712838,0.053524576478867734
119226,5,0.07468167623294514,0.060018529210912996,0.09013151932503649,0.07760901934712838,0.055425933602050406
119226,6,0.07566984717983119,0.06044583875218401,0.09231781432538821,0.07760901934712838,0.060809209304844014
119226,7,0.07597983398084321,0.06556362889751899,0.09405761303763249,0.07760901934712838,0.06259739100421505
119226,8,0.07510019007993443,0.06801832040663713,0.08927902069681193,0.07760901934712838,0.06573658403317234
119226,9,0.07469982273161274,0.06861892041495965,0.08303149068174531,0.07760901934712838,0.06700932193602066
119226,10,0.07559708222489263,0.07046846460955125,0.08014010607315303,0.07760901934712838,0.06963674337184576
119250,1,0.14661125042874118,-0.315152469228996,0.8573617774465567,0.11722454361007362,-0.09703817718427545
119250,2,0.13591985686407906,-0.14921115621772163,0.4258327822417549,0.11722454361007362,-0.010862474037153184
119250,3,0.12869983724476655,-0.0746882256897845,0.2813640904158312,0.11722454361007362,0.029496639530701134
119250,4,0.12558551594919123,-0.006527368872017103,0.3036325794120023,0.11722454361007362,0.05667667612598568
119250,5,0.12300679145159957,-0.025234551469181188,0.2795353375278289,0.11722454361007362,0.063749630647716
119250,6,0.11977548466571462,0.03537461598462399,0.22021931741684497,0.11722454361007362,0.08101780481578266
119250,7,0.11724271927472914,0.04978931540090081,0.1622005154942745,0.11722454361007362,0.10019218282076606
119250,8,0.12138295589941252,0.07408229425472146,0.16092535499715033,0.11722454361007362,0.10475599266471032
119250,9,0.12264213942876656,0.09601340811021686,0.1509189091111247,0.11722454361007362,0.11336397888044429
119250,10,0.1261191584772429,0.10149979452339375,0.14726742629125544,0.11722454361007362,0.11776966104414438
119498,1,0.08499249491612117,0.03328165409919137,0.13885679352566926,0.08513705621143441,0.04318827913186044
119498,2,0.08414093636520663,0.04671608985837472,0.11807783976291786,0.08513705621143441,0.03998110695757962
119498,3,0.08295178913393639,0.05546434648307508,0.11648230697159745,0.08513705621143441,0.04106424947039233
119498,4,0.08190864077244407,0.06332865672097765,0.11032269293066732,0.08513705621143441,0.053524576478867734
119498,5,0.08154586898422436,0.06669912713523596,0.09950495403691795,0.08513705621143441,0.055425933602050406
119498,6,0.08245343311455637,0.07013675987964985,0.09776579960889609,0.08513705621143441,0.060809209304844014
119498,7,0.08253047793787442,0.07069782605980723,0.09826852163636124,0.08513705621143441,0.06259739100421505
119498,8,0.08195044538949421,0.07278076481648554,0.0975273326761148,0.08513705621143441,0.06573658403317234
119498,9,0.08156980707262285,0.07468791199480207,0.09151512899817238,0.08513705621143441,0.06700932193602066
119498,10,0.08253318676844293,0.07706148879923691,0.08728390670601538,0.08513705621143441,0.06963674337184576
119528,1,0.16530622924067725,-0.3329447596131825,0.9350477957390315,0.13757744485744827,-0.09703817718427543
119528,2,0.15277513162606537,-0.15408844188899995,0.5136341448930624,0.13757744485744827,-0.010862474037153184
119528,3,0.14506802639589123,-0.07383071293987997,0.3235231826050533,0.13757744485744827,0.029496639530701134
119528,4,0.1426787918523051,-0.003110997907471491,0.3273267299213316,0.13757744485744827,0.05667667612598569
119528,5,0.1405065386943862,-0.01208525283750761,0.28144377376839014,0.13757744485744827,0.063749630647716
119528,6,0.1363698239811641,0.05625424905031906,0.22497099537528698,0.13757744485744827,0.08101780481578266
119528,7,0.13301592248744182,0.07527357626727582,0.17008891000235793,0.13757744485744827,0.10019218282076606
119528,8,0.13844321214274216,0.09792601175050719,0.18999789069905892,0.13757744485744827,0.10475599266471032
119528,9,0.1401491896580804,0.11111553235302551,0.17121324444681418,0.13757744485744827,0.11336397888044429
119528,10,0.14256833328896346,0.111865529914424,0.16789155315163207,0.13757744485744827,0.11776966104414438
119533,1,0.08143180162494044,0.024311806673612768,0.12501255653100474,0.080871648932763,0.04129470711267677
119533,2,0.08134902136026595,0.041565186522253494,0.1139192401403657,0.080871648932763,0.042904223279869314
119533,3,0.08034995031347261,0.05132994865347951,0.10659449779120944,0.080871648932763,0.05002187563076218
119533,4,0.07949975167849589,0.05960064411155397,0.10161250920060816,0.080871648932763,0.0569476344762157
119533,5,0.07942809529442298,0.06145338979774673,0.09339598806824756,0.080871648932763,0.0603407427050367
119533,6,0.08058724920121878,0.06445182218305678,0.09499223264116963,0.080871648932763,0.06585103608844184
119533,7,0.08084355660017753,0.07112398143196597,0.09661361312367944,0.080871648932763,0.06740330938630155
119533,8,0.07994361081691827,0.07296600203890335,0.0928736627227551,0.080871648932763,0.06928317257544538
119533,9,0.079289472334044,0.07229571747967878,0.08704082655260903,0.080871648932763,0.0700321245957048
119533,10,0.07996163938146691,0.07418893616456201,0.08400259105383845,0.080871648932763,0.07185554896976602
119556,1,0.22000474643678453,-0.44397486651506246,1.255059449060735,0.16889755041638876,-0.20108201034543818
119556,2,0.19018294154374812,-0.298955090710744,0.6564464884961283,0.16889755041638876,-0.11393786186650198
119556,3,0.1750632853607018,-0.17021407892788798,0.4333948016291842,0.16889755041638876,-0.046212315465571724
119556,4,0.16515498004849322,-0.04305728087507599,0.412272702737299,0.16889755041638876,0.01158913119824119
119556,5,0.1556124030826185,-0.030842829599105115,0.336371790858647,0.16889755041638876,0.03814795748068682
119556,6,0.1441305282976833,0.0399685259479623,0.2893356936161442,0.16889755041638876,0.07032543728349862
119556,7,0.1379749927674544,0.08448249095355775,0.19462501143098399,0.16889755041638876,0.1098365105353562
119556,8,0.14840293843597271,0.08439653353195187,0.23505785291356585,0.16889755041638876,0.11340036777994421
119556,9,0.15558989976230106,0.10297084136885015,0.20497171919984458,0.16889755041638876,0.1395360504435299
119556,10,0.16445568603241653,0.1196318134229184,0.21291151344155024,0.16889755041638876,0.14589437032155517
119581,1,0.22702870961674199,-0.3330485535162807,1.0080536709556376,0.18122284107054054,-0.13683940305509065
119581,2,0.2036986572829041,-0.21125560232858864,0.6362950215417071,0.18122284107054054,-0.05974747944484123
119581,3,0.1860616458197454,-0.10658754499270928,0.4390735954070748,0.18122284107054054,-0.005082584784359236
119581,4,0.17556836417652932,-0.0108697984016759,0.38859716282626144,0.18122284107054054,0.03271627893342442
119581,5,0.1657125121929026,-0.008983763837215886,0.3376041485583263,0.18122284107054054,0.051044034729910925
119581,6,0.15575730881648867,0.07105532905659118,0.2859845625637043,0.18122284107054054,0.07421073087699505
119581,7,0.1513021916189091,0.0969725343614174,0.20185499023717113,0.18122284107054054,0.09556278146688414
119581,8,0.15889367620777212,0.10325481625867816,0.2310401958566548,0.18122284107054054,0.10026002436932403
119581,9,0.16614021536115484,0.13274095177827627,0.21380876900619694,0.18122284107054054,0.10425526998087055
119581,10,0.17561606131894444,0.1360114769314298,0.21565524310290862,0.18122284107054054,0.10869150191707205
119589,1,0.25323086261959304,-0.3833603789661918,1.4244052440610084,0.1814233027517882,-0.20108201034543818
119589,2,0.21248343074568812,-0.2810391447501498,0.7768835338364322,0.1814233027517882,-0.11393786186650198
119589,3,0.19044587383601097,-0.16923801661711146,0.47944625578770816,0.1814233027517882,-0.046212315465571724
119589,4,0.1802842480400103,-0.05439277115189922,0.46423639353984947,0.1814233027517882,0.01158913119824119
119589,5,0.17044826299668975,-0.05971708180083779,0.3770187748718017,0.1814233027517882,0.03814795748068682
119589,6,0.15876174192325596,0.03535795016516463,0.3269600717644807,0.1814233027517882,0.07032543728349862
119589,7,0.15289027054673904,0.09197780067897798,0.22187050201458214,0.1814233027517882,0.10983651053535622
119589,8,0.16155431038791446,0.09818578225938857,0.2508220146985134,0.1814233027517882,0.11340036777994422
119589,9,0.16915476413001684,0.12211148447743114,0.2314632368976124,0.1814233027517882,0.1395360504435299
119589,10,0.17748751354032152,0.12059595609386964,0.23692690384377646,0.1814233027517882,0.14589437032155517
119598,1,0.17009658280697856,-0.30318309506204333,0.9816671669431527,0.14501090756964397,-0.09703817718427543
119598,2,0.1589662881888897,-0.14481270269697233,0.5066835223514821,0.14501090756964397,-0.010862474037153184
119598,3,0.15115973830829174,-0.062439973727036024,0.3298700817200886,0.14501090756964397,0.029496639530701137
119598,4,0.14840933926625144,-0.0007705838420739575,0.321197183664357,0.14501090756964397,0.056676676125985676
119598,5,0.14645718900125893,-0.002352017320733202,0.2767563835111466,0.14501090756964397,0.063749630647716
119598,6,0.14305756463800376,0.07111382358250729,0.2245607181985596,0.14501090756964397,0.08101780481578266
119598,7,0.14007512305514588,0.08370576265703544,0.18671960719589653,0.14501090756964397,0.10019218282076606
119598,8,0.14483462542301498,0.10789334026827135,0.2035101012658309,0.14501090756964397,0.10475599266471032
119598,9,0.14602453703881238,0.11581149706877669,0.1845816819625865,0.14501090756964397,0.11336397888044429
119598,10,0.14848570606762362,0.11754077672384855,0.18123756769471178,0.14501090756964397,0.11776966104414438
119620,1,0.21087396042295778,-0.3536378238584066,0.9074170957741929,0.1646979296121276,-0.13683940305509065
119620,2,0.18900428201424024,-0.2165651977075893,0.59529645784522,0.1646979296121276,-0.05974747944484123
119620,3,0.17345502443676564,-0.11956942411693172,0.416663230369154,0.1646979296121276,-0.005082584784359236
119620,4,0.1652067514006967,-0.015772405970806758,0.3831814768505748,0.1646979296121276,0.03271627893342442
119620,5,0.15846697937970095,-0.014953481883558939,0.32384777337279225,0.1646979296121276,0.051044034729910925
119620,6,0.14916997385958825,0.0606138962979752,0.2734192595859084,0.1646979296121276,0.07421073087699505
119620,7,0.1444484618582945,0.08984990730079123,0.18685018677189258,0.1646979296121276,0.09556278146688414
119620,8,0.15246651455163926,0.09956786745382695,0.22896149869560345,0.1646979296121276,0.10026002436932403
119620,9,0.15832849182700087,0.1179720568979079,0.2100415177640611,0.1646979296121276,0.10425526998087055
119620,10,0.16474827148457008,0.12652056783883747,0.2086571054048989,0.1646979296121276,0.10869150191707205
119621,1,0.08196949954923359,0.0061925450247795055,0.17460087900606291,0.07475767492581253,0.04129470711267677
119621,2,0.08060535240974434,0.036433764975326355,0.1484094475945381,0.07475767492581253,0.042904223279869314
119621,3,0.07913028597035565,0.04504927403714998,0.13534398227726352,0.07475767492581253,0.05002187563076218
119621,4,0.077771259597547,0.053215835447601556,0.12477259115847561,0.07475767492581253,0.05694763447621571
119621,5,0.07763200945262744,0.058337720379523894,0.10397177760885823,0.07475767492581253,0.0603407427050367
119621,6,0.07922872621451027,0.059819679311759355,0.10578590287399647,0.07475767492581253,0.06585103608844184
119621,7,0.0794096054745732,0.065213669680523,0.10774557197851009,0.07475767492581253,0.06740330938630155
119621,8,0.0779012123162062,0.06763185245833614,0.10138594853545357,0.07475767492581253,0.06928317257544538
119621,9,0.07756729917785382,0.06887790311628361,0.09292731551404487,0.07475767492581253,0.0700321245957048
119621,10,0.078920585080543,0.07282906157640401,0.08953423095518787,0.07475767492581253,0.07185554896976602
119775,1,0.2576181593179572,-0.261998814365901,1.1073574595114928,0.20364869489614956,-0.13683940305509065
119775,2,0.23494766485248716,-0.14724505710296987,0.6701923970723287,0.20364869489614956,-0.05974747944484123
119775,3,0.2193253012677128,-0.05881855443294115,0.48819624726287736,0.20364869489614956,-0.005082584784359236
119775,4,0.2128894288568893,0.04395079380064293,0.4104486704667578,0.20364869489614956,0.03271627893342442
119775,5,0.20743836846888866,0.03283354489718415,0.3520514629587701,0.20364869489614956,0.051044034729910925
119775,6,0.20124197767091634,0.12256316713331561,0.30095433709445474,0.20364869489614956,0.07421073087699505
119775,7,0.19775086963140134,0.14084248885140838,0.25661372171462027,0.20364869489614956,0.09556278146688414
119775,8,0.20367586796868492,0.15171400595555862,0.29394569550596716,0.20364869489614956,0.10026002436932403
119775,9,0.20702814661450783,0.16211541731988288,0.27272849636342844,0.20364869489614956,0.10425526998087055
119775,10,0.21256117060522875,0.166818985342313,0.26446575909651027,0.20364869489614956,0.10869150191707205
119816,1,0.07810787642536617,0.02661066204778395,0.12026768310147107,0.07756886774954808,0.043188279131860456
119816,2,0.07772568214083983,0.035117030303654984,0.10745701491227777,0.07756886774954808,0.03998110695757962
119816,3,0.07659095199241706,0.04717281337801538,0.10419255417333972,0.07756886774954808,0.04106424947039233
119816,4,0.07558483075185819,0.05425723754630707,0.10020826066503097,0.07756886774954808,0.053524576478867734
119816,5,0.07526659936854935,0.061529476796121196,0.09022118926253553,0.07756886774954808,0.055425933602050406
119816,6,0.07624193548465553,0.06161422083147139,0.09186413896593115,0.07756886774954808,0.060809209304844014
119816,7,0.07656577366893742,0.06665081609846757,0.09336958762118308,0.07756886774954808,0.06259739100421505
119816,8,0.07565251210368898,0.06880002804612784,0.08881197013719233,0.07756886774954808,0.06573658403317234
119816,9,0.07525968227668586,0.06948441230254465,0.08234612401287511,0.07756886774954808,0.06700932193602066
119816,10,0.07613545588419636,0.07190874050589424,0.08013271964222723,0.07756886774954808,0.06963674337184576
120152,1,0.16654942641020615,-0.2876159884548919,0.9725819228550809,0.1404464845652813,-0.09703817718427543
120152,2,0.15762020443763156,-0.12130872771824441,0.5112706346022953,0.1404464845652813,-0.010862474037153184
120152,3,0.15089004639596848,-0.04837297888473724,0.32851376289680956,0.1404464845652813,0.029496639530701134
120152,4,0.14958274347811462,0.00889913167685319,0.3308972691963261,0.1404464845652813,0.05667667612598569
120152,5,0.1493034860662016,-0.0004823984620456745,0.28459338246642374,0.1404464845652813,0.063749630647716
120152,6,0.14705907639957674,0.06577921039971235,0.23220528805135277,0.1404464845652813,0.08101780481578266
120152,7,0.14448902376821243,0.07397828022261943,0.1802800350730649,0.1404464845652813,0.10019218282076606
120152,8,0.1483468689597962,0.10672875909828727,0.19901853147516912,0.1404464845652813,0.10475599266471032
120152,9,0.14809359314732667,0.12411883314664007,0.17757406182731406,0.1404464845652813,0.11336397888044429
120152,10,0.1491012325448059,0.11836832125195218,0.17357537996371142,0.1404464845652813,0.11776966104414438
120251,1,0.19247033053064713,-0.2501815451364888,0.8350538797509557,0.16669969829784193,-0.07646926735741083
120251,2,0.18145462729045644,-0.10495540560882222,0.5163959721117266,0.16669969829784193,-0.013627052985582687
120251,3,0.17550085775597782,-0.034740107507576945,0.34693966090567185,0.16669969829784193,0.023256608811811186
120251,4,0.17299342821412853,0.03594263840342493,0.36212670981588246,0.16669969829784193,0.05009204662131104
120251,5,0.17023260098803364,0.026600088958571577,0.3099879832315682,0.16669969829784193,0.057663370362913274
120251,6,0.1645360756311744,0.07680993762924748,0.259918831173406,0.16669969829784193,0.07487156110755815
120251,7,0.16117546692203447,0.10078438904317277,0.19546970180083623,0.16669969829784193,0.09360249148227383
120251,8,0.1670782067373989,0.13302994207100505,0.19931255585848695,0.16669969829784193,0.09797230047789654
120251,9,0.17001082657443825,0.1483092051962569,0.191518361094678,0.16669969829784193,0.10153338572448248
120251,10,0.17253727828055465,0.14817077941189405,0.1936996683900365,0.16669969829784193,0.10361594814266423
120261,1,0.11618696908760724,-0.23100495197116766,0.5207409442328328,0.10350031992946773,-0.07646926735741083
120261,2,0.10939141361095013,-0.06184103978559641,0.30000841032697,0.10350031992946773,-0.013627052985582686
120261,3,0.10397789917611436,-0.021715595575755198,0.1893721154121233,0.10350031992946773,0.023256608811811186
120261,4,0.10287117754942314,0.021350402861820772,0.21183582324664085,0.10350031992946773,0.05009204662131104
120261,5,0.10244805588367352,-0.007706452320993873,0.1900242109580048,0.10350031992946773,0.057663370362913274
120261,6,0.10157047343174753,0.04665407470031502,0.1554403100841657,0.10350031992946773,0.07487156110755815
120261,7,0.10016939342073355,0.058869482793661776,0.13471490415435716,0.10350031992946773,0.09360249148227383
120261,8,0.10200463793619965,0.05899568480668349,0.1317673001791153,0.10350031992946773,0.09797230047789654
120261,9,0.1016870063644572,0.07864521353808729,0.12337843334909415,0.10350031992946773,0.10153338572448248
120261,10,0.10304908335837099,0.07536731162488342,0.12393234421909272,0.10350031992946773,0.10361594814266424
120267,1,0.14326458020681987,-0.20384760952645353,0.6902140446049083,0.11882529418056809,-0.09703817718427543
120267,2,0.13441968775567248,-0.07002541300340925,0.41960213527347423,0.11882529418056809,-0.010862474037153184
120267,3,0.12745059857163107,-0.014400999571328343,0.24667991831943192,0.11882529418056809,0.029496639530701137
120267,4,0.12752605987311044,0.032297019823392725,0.25514108923073775,0.11882529418056809,0.056676676125985676
120267,5,0.1285454423926336,0.002356870340381567,0.2226315656107245,0.11882529418056809,0.063749630647716
120267,6,0.12700639757482568,0.06521307111198027,0.1740500433522041,0.11882529418056809,0.08101780481578266
120267,7,0.12514167416000038,0.08193050447404837,0.1554148871666936,0.11882529418056809,0.10019218282076606
120267,8,0.12799663678973858,0.08448399787884586,0.1776313157157705,0.11882529418056809,0.10475599266471033
120267,9,0.12713317952921935,0.10033712649843918,0.15649641143784487,0.11882529418056809,0.11336397888044429
120267,10,0.12666147408725406,0.09317098422898829,0.14829340303478578,0.11882529418056809,0.11776966104414438
120381,1,0.24882406880896338,-0.35669651961705306,1.2684720399503426,0.19484848973970315,-0.13683940305509065
120381,2,0.21260423690486202,-0.2114241664103974,0.7010922177756032,0.19484848973970315,-0.05974747944484123
120381,3,0.19329046071964665,-0.09902480867068608,0.4408079386749595,0.19484848973970315,-0.005082584784359236
120381,4,0.1866361596498647,-0.011538217398801454,0.4288884701483613,0.19484848973970315,0.03271627893342442
120381,5,0.1809458631586621,-0.018068884947442188,0.3525498261498481,0.19484848973970315,0.051044034729910925
120381,6,0.17284357836992895,0.06690081345935694,0.32131883983819454,0.19484848973970315,0.07421073087699505
120381,7,0.16766938493163988,0.11148468708202741,0.2165606175257735,0.19484848973970315,0.09556278146688414
120381,8,0.17565903031937916,0.1136054508189579,0.2590893459330461,0.19484848973970315,0.10026002436932403
120381,9,0.18000290446531317,0.139455779702077,0.23753284159693977,0.19484848973970315,0.10425526998087055
120381,10,0.18557324038365342,0.13778352368403968,0.23104774473765577,0.19484848973970315,0.10869150191707205
120392,1,0.17093501395702007,-0.2982344063715132,0.8386658596743217,0.1501561720317457,-0.09703817718427543
120392,2,0.16201318258793274,-0.12362253492805264,0.5018632939303314,0.1501561720317457,-0.010862474037153184
120392,3,0.154239627881445,-0.042956288330820436,0.2997439821147705,0.1501561720317457,0.029496639530701137
120392,4,0.15149708584427732,0.014178168042397132,0.3284225148681166,0.1501561720317457,0.056676676125985676
120392,5,0.15105430340448628,-9.126171152795681e-05,0.28251896461753123,0.1501561720317457,0.063749630647716
120392,6,0.14738591361879375,0.06885801632735888,0.2304119984539812,0.1501561720317457,0.08101780481578266
120392,7,0.14467109042476434,0.08320442672720607,0.17891110595659798,0.1501561720317457,0.10019218282076606
120392,8,0.14912466164573632,0.10160176590454628,0.19443492819886798,0.1501561720317457,0.10475599266471032
120392,9,0.14995673019701727,0.12431557075961086,0.17357197748285502,0.1501561720317457,0.11336397888044429
120392,10,0.15151318310912174,0.11995817607145254,0.1747810731827184,0.1501561720317457,0.11776966104414438
120403,1,0.2539454345859358,-0.2308626537729893,1.075717267912256,0.21396415193224105,-0.13683940305509065
120403,2,0.23120834003613036,-0.09667363612575364,0.6111850449006224,0.21396415193224105,-0.05974747944484123
120403,3,0.21376706882537871,-0.01751600597883063,0.4197237306005923,0.21396415193224105,-0.005082584784359236
120403,4,0.20706358957843368,0.04899371187479207,0.3855559770178001,0.21396415193224105,0.03271627893342442
120403,5,0.20360779249629316,0.02667318979103439,0.35205184824956715,0.21396415193224105,0.051044034729910925
120403,6,0.19786874581653344,0.11633844420890038,0.3012757468198548,0.21396415193224105,0.07421073087699505
120403,7,0.19473878687772908,0.13275374772939852,0.24763035691781932,0.21396415193224105,0.09556278146688414
120403,8,0.20006698563521377,0.13218469038804814,0.2704642546394598,0.21396415193224105,0.10026002436932403
120403,9,0.20240441637423592,0.1647677514167354,0.24646940467050582,0.21396415193224105,0.10425526998087055
120403,10,0.20723386632408725,0.16374825620131617,0.2454471837339134,0.21396415193224105,0.10869150191707205
120471,1,0.06288268388157252,-0.04732384864444095,0.11840879666803494,0.0658535671420637,0.04318827913186045
120471,2,0.06709001793033195,0.007376246733889147,0.09753381500715852,0.0658535671420637,0.03998110695757962
120471,3,0.06878779749473861,0.021533495382950907,0.09912333077850399,0.0658535671420637,0.04106424947039233
120471,4,0.06983454098167775,0.04056613861399083,0.0920299587568234,0.0658535671420637,0.053524576478867734
120471,5,0.0681890644766848,0.047059259665627406,0.08340898569114419,0.0658535671420637,0.055425933602050406
120471,6,0.06626194662429709,0.0566795385369987,0.07874132041170112,0.0658535671420637,0.060809209304844014
120471,7,0.06256112044750416,0.05896413515351839,0.06869845769199712,0.0658535671420637,0.06259739100421505
120490,1,0.14912111924129814,-0.1669197145916127,0.684313845900469,0.12414185155753832,-0.09703817718427543
120490,2,0.14105334546573714,-0.030065049782675213,0.37004371893617405,0.12414185155753832,-0.010862474037153184
120490,3,0.13430475031448508,0.004747986104416846,0.24383434958474437,0.12414185155753832,0.029496639530701137
120490,4,0.13154777620841052,0.039013389220076355,0.27670604282885747,0.12414185155753832,0.05667667612598568
120490,5,0.12990834815476474,0.020354531204904047,0.21967303420894901,0.12414185155753832,0.063749630647716
120490,6,0.12725132072279424,0.06358179639437722,0.1830779660594224,0.12414185155753832,0.08101780481578266
120490,7,0.1253377099511198,0.07563544779006603,0.1669982161304906,0.12414185155753832,0.10019218282076606
120490,8,0.12838921260262007,0.08042146929375571,0.1655611401477679,0.12414185155753832,0.10475599266471032
120490,9,0.12926581332395254,0.10299414329950629,0.1535230334454527,0.12414185155753832,0.11336397888044429
120490,10,0.13153969976884347,0.09935733178040529,0.1645908550727948,0.12414185155753832,0.11776966104414438
120510,1,0.08199859425732033,0.029757981411285828,0.1276906383548333,0.08139798398950981,0.04318827913186045
120510,2,0.08150260493356118,0.04178759806470067,0.11339578274170048,0.08139798398950981,0.03998110695757962
120510,3,0.08038216530682954,0.05164703465444531,0.10843959736374909,0.08139798398950981,0.04106424947039233
120510,4,0.07948934775868059,0.059259853369600934,0.10342406207692556,0.08139798398950981,0.053524576478867734
120510,5,0.07931019834540215,0.06559058072948587,0.09335675853306191,0.08139798398950981,0.055425933602050406
120510,6,0.08036885372180645,0.06662011629422326,0.09539813363976157,0.08139798398950981,0.060809209304844014
120510,7,0.08068479512746769,0.07075856744915643,0.09743840249865099,0.08139798398950981,0.06259739100421505
120510,8,0.07977285768477115,0.07276545218970853,0.09235628336011725,0.08139798398950981,0.06573658403317234
120510,9,0.0792400896505395,0.0739363960016215,0.08623662077934502,0.08139798398950981,0.06700932193602066
120510,10,0.07997035132844978,0.07585849655536836,0.08441281758549546,0.08139798398950981,0.06963674337184576
120517,1,0.14890915918615857,-0.28234782787868473,0.7297244401783021,0.12550560677380562,-0.07646926735741083
120517,2,0.13750108561731775,-0.13853528661107195,0.4352507917404016,0.12550560677380562,-0.013627052985582687
120517,3,0.12893306155627687,-0.06359935816580109,0.279424885279139,0.12550560677380562,0.023256608811811186
120517,4,0.12465661155457185,0.0033398264028459135,0.2583786248604021,0.12550560677380562,0.05009204662131104
120517,5,0.12186601139341618,0.001098652331550154,0.22642025836047108,0.12550560677380562,0.057663370362913274
120517,6,0.117630786211191,0.0626020122790496,0.1866336599038636,0.12550560677380562,0.07487156110755815
120517,7,0.11460576682999106,0.08181639802818674,0.15761181980370065,0.12550560677380562,0.09360249148227384
120517,8,0.11974442556315439,0.08379561693071591,0.175343857358778,0.12550560677380562,0.09797230047789654
120517,9,0.12199614510266721,0.09203111148579546,0.15571232638025756,0.12550560677380562,0.10153338572448248
120517,10,0.12541560496923548,0.0978865285535746,0.15021903785304125,0.12550560677380562,0.10361594814266423
120560,1,0.07625900598079738,0.021031029847563776,0.12223488046040698,0.07512473548598386,0.04318827913186045
120560,2,0.07531360970871344,0.03326179033800636,0.10935359859221805,0.07512473548598386,0.03998110695757962
120560,3,0.07409054948086267,0.04416493504105379,0.10328837025664339,0.07512473548598386,0.04106424947039233
120560,4,0.07292658494372739,0.05185386842898643,0.09568198137827255,0.07512473548598386,0.053524576478867734
120560,5,0.07293617340165912,0.05977071122602373,0.08853163553266774,0.07512473548598386,0.055425933602050406
120560,6,0.07415265993104239,0.059899998440771984,0.08995733299679576,0.07512473548598386,0.060809209304844014
120560,7,0.07434352900370542,0.06345506085646102,0.09130593824313027,0.07512473548598386,0.06259739100421505
120560,8,0.07319029766021316,0.06603563213343722,0.08589252839438632,0.07512473548598386,0.06573658403317234
120560,9,0.07275931033958415,0.06829588405901976,0.07901306271776454,0.07512473548598386,0.06700932193602066
120560,10,0.07388835808245456,0.07041804282696362,0.0774254685086122,0.07512473548598386,0.06963674337184576
120656,1,0.1532303309960236,-0.27899490945337546,0.8918704091980905,0.12666791692977752,-0.09703817718427543
120656,2,0.1433955125912895,-0.1116478781557877,0.49986664054549257,0.12666791692977752,-0.010862474037153184
120656,3,0.13685357979799959,-0.03963972868339971,0.2971307668653942,0.12666791692977752,0.029496639530701137
120656,4,0.1369439334142193,0.012974311530381533,0.2988196447134759,0.12666791692977752,0.056676676125985676
120656,5,0.1381874603286431,-0.007192165986052879,0.255022572296457,0.12666791692977752,0.063749630647716
120656,6,0.13589314970700325,0.06074133606518295,0.20156403615045404,0.12666791692977752,0.08101780481578266
120656,7,0.13332081944631857,0.07316615484551892,0.17039721237128247,0.12666791692977752,0.10019218282076606
120656,8,0.1373581582423595,0.0943358442506228,0.18820010612274563,0.12666791692977752,0.10475599266471032
120656,9,0.13646585758695068,0.11011010695817336,0.16678002694349203,0.12666791692977752,0.11336397888044429
120656,10,0.13587160291020794,0.10512639751110608,0.1608240490572026,0.12666791692977752,0.11776966104414438
120674,1,0.14963798686750696,-0.285916887211106,0.7515395187862117,0.12659028356934265,-0.07646926735741083
120674,2,0.14146700869861226,-0.1463968585217733,0.4448074427397257,0.12659028356934265,-0.013627052985582687
120674,3,0.13589139123053265,-0.06799623176557867,0.29846559496181313,0.12659028356934265,0.023256608811811186
120674,4,0.13325935518277898,0.0008399352716939035,0.3080275125583427,0.12659028356934265,0.05009204662131104
120674,5,0.13050514540334768,-0.006759589018260348,0.27159570821799317,0.12659028356934265,0.057663370362913274
120674,6,0.12573294786064762,0.04284511339295349,0.2232102758925789,0.12659028356934265,0.07487156110755815
120674,7,0.12247235459344652,0.05674408806351949,0.1573729973028417,0.12659028356934265,0.09360249148227383
120674,8,0.12774036718653997,0.09540618706321302,0.15715292017656468,0.12659028356934265,0.09797230047789654
120674,9,0.13021755830168777,0.11071729176551814,0.15113617580686078,0.12659028356934265,0.10153338572448248
120674,10,0.1331720064805878,0.11437091334834038,0.1488626019689563,0.12659028356934265,0.10361594814266423
120692,1,0.08146106810169099,0.03058054379408426,0.12100086958452128,0.08139454120578105,0.04129470711267677
120692,2,0.08090551874521962,0.04332151109076121,0.10945936622827235,0.08139454120578105,0.042904223279869314
120692,3,0.07998785849088799,0.05528149203727439,0.10441751901229779,0.08139454120578105,0.05002187563076218
120692,4,0.07906796154470137,0.061068415714682356,0.09939447486063768,0.08139454120578105,0.0569476344762157
120692,5,0.0787841743326291,0.06555644276213957,0.09106096635620342,0.08139454120578105,0.0603407427050367
120692,6,0.07975632615675583,0.06681740708140538,0.09247217362984994,0.08139454120578105,0.06585103608844184
120692,7,0.08002646937098945,0.07126791480329375,0.09463586299438798,0.08139454120578105,0.06740330938630155
120692,8,0.07919295533128265,0.07283901341785315,0.09151434127150093,0.08139454120578105,0.06928317257544538
120692,9,0.07874865104521946,0.07321554170576938,0.08612710037243354,0.08139454120578105,0.0700321245957048
120692,10,0.07957868236970414,0.0749927501933596,0.08302317994133479,0.08139454120578105,0.07185554896976602
120726,1,0.2339244014570736,-0.28506885310255836,1.2456404763165865,0.1819211341235425,-0.13683940305509065
120726,2,0.20512281445475944,-0.18506855911151687,0.7231608960680587,0.1819211341235425,-0.05974747944484123
120726,3,0.186808034819923,-0.08224659241917642,0.4739833803925728,0.1819211341235425,-0.005082584784359236
120726,4,0.18007838544630106,-0.00794315238433363,0.3850292409698386,0.1819211341235425,0.03271627893342442
120726,5,0.17584620587601985,-0.011365993473105518,0.32348298506495854,0.1819211341235425,0.051044034729910925
120726,6,0.16956870956291212,0.08220259056551904,0.26448383877133064,0.1819211341235425,0.07421073087699505
120726,7,0.16611210539464966,0.11670859839844416,0.21936415909300822,0.1819211341235425,0.09556278146688414
120726,8,0.17166193872273475,0.11365996169580828,0.26808154234290504,0.1819211341235425,0.10026002436932403
120726,9,0.17448832488419294,0.13125057780996152,0.24352385102720286,0.1819211341235425,0.10425526998087055
120726,10,0.17908940676216573,0.12978576907374118,0.2382508785621522,0.1819211341235425,0.10869150191707205
120754,1,0.08537279258768955,0.0300700563946934,0.13181714489541863,0.08470973350636468,0.04318827913186045
120754,2,0.08517933907363931,0.049142285395150864,0.11928733626332177,0.08470973350636468,0.03998110695757962
120754,3,0.08429092200346565,0.0595197965401959,0.11546018528156887,0.08470973350636468,0.04106424947039233
120754,4,0.08343940935953047,0.0656267417459,0.11131204117347315,0.08470973350636468,0.053524576478867734
120754,5,0.08298790899980031,0.0693242451818945,0.09838950177366979,0.08470973350636468,0.055425933602050406
120754,6,0.08393376492265102,0.0708860808491405,0.09859301863408643,0.08470973350636468,0.060809209304844014
120754,7,0.0841956592474651,0.0743438184224412,0.10118707195737242,0.08470973350636468,0.06259739100421505
120754,8,0.08338074776403814,0.07583501529503112,0.09634949663549874,0.08470973350636468,0.06573658403317234
120754,9,0.08303198122847993,0.07654645506011049,0.09041634723940684,0.08470973350636468,0.06700932193602066
120754,10,0.08397993816358201,0.07957030283112676,0.08932021097854959,0.08470973350636468,0.06963674337184576
120819,1,0.20308801580550173,-0.22473368052799136,1.062532536285405,0.16815101554034872,-0.07646926735741083
120819,2,0.18572709904427595,-0.08537742581986818,0.6441995531989091,0.16815101554034872,-0.013627052985582687
120819,3,0.1803473695653724,-0.023521382845199,0.41952432474625345,0.16815101554034872,0.023256608811811186
120819,4,0.1807219227652431,0.011660779188296777,0.41064044997577476,0.16815101554034872,0.05009204662131104
120819,5,0.18244050007103446,0.007471137665398198,0.31902717530819746,0.16815101554034872,0.057663370362913274
120819,6,0.1810764188861566,0.07658759071962518,0.26732977246142475,0.16815101554034872,0.07487156110755815
120819,7,0.17756589827128763,0.09690751661555153,0.21520737602174522,0.16815101554034872,0.09360249148227383
120819,8,0.1815908646950401,0.14275909024804578,0.22750380023069905,0.16815101554034872,0.09797230047789654
120819,9,0.17940072952838163,0.1480803091143703,0.21936220580262722,0.16815101554034872,0.10153338572448248
120819,10,0.1770064651402441,0.14191470898992864,0.21215470770093692,0.16815101554034872,0.10361594814266424
120828,1,0.23263481698399138,-0.4339986120692675,2.2308751570930134,0.17866912434437676,-0.20108201034543818
120828,2,0.21511472403702,-0.24538099945471492,1.1872313410328634,0.17866912434437676,-0.11393786186650198
120828,3,0.2116250541925107,-0.16557106747664185,0.7165042139741997,0.17866912434437676,-0.046212315465571724
120828,4,0.20934794895430123,-0.10567305557352291,0.7060641449193616,0.17866912434437676,0.01158913119824119
120828,5,0.21092960868237862,-0.09687954241718444,0.5464462970037365,0.17866912434437676,0.03814795748068682
120828,6,0.2049990524089427,-0.0431391018929963,0.4309472536871395,0.17866912434437676,0.07032543728349862
120828,7,0.1955168685190075,-0.0257032706322472,0.32177786732497293,0.17866912434437676,0.1098365105353562
120828,8,0.20261688585702686,0.09899229989559166,0.2610829849843137,0.17866912434437676,0.11340036777994422
120828,9,0.19831258764491758,0.1363126191034345,0.24163625307721404,0.17866912434437676,0.1395360504435299
120828,10,0.19665332781207603,0.15109013304861718,0.22797928517808552,0.17866912434437676,0.14589437032155517
120841,1,0.19904485982639628,-0.2940203195066402,1.2141520829097643,0.16923191637267143,-0.13683940305509065
120841,2,0.1954962406857007,-0.14588319749918344,0.7874582812553585,0.16923191637267143,-0.059747479444841226
120841,3,0.1938712449838088,-0.05524260881940668,0.5007232227529286,0.16923191637267143,-0.005082584784359236
120841,4,0.1946297890260519,-0.026817261216572463,0.5431725404196797,0.16923191637267143,0.03271627893342442
120841,5,0.19614242146562016,-0.02230634287893185,0.4170380686678403,0.16923191637267143,0.051044034729910925
120841,6,0.1913572183473357,0.029848463014462423,0.3206130415089741,0.16923191637267143,0.07421073087699505
120841,7,0.18705839543926508,0.03895267890119847,0.2724966437566194,0.16923191637267143,0.09556278146688414
120841,8,0.19178853841686025,0.12575532897594965,0.25297980918067564,0.16923191637267143,0.10026002436932403
120841,9,0.19040863176343253,0.1546843532032507,0.2248922200138228,0.16923191637267143,0.10425526998087055
120841,10,0.18728856941671765,0.15831005896900607,0.2256130156228282,0.16923191637267143,0.10869150191707205
123704,1,0.07462412420081078,0.018284709347637484,0.11680852928646113,0.07531164235585419,0.04318827913186045
123704,2,0.07344313393744567,0.03351896044200764,0.1101033076823128,0.07531164235585419,0.03998110695757962
123704,3,0.07125016589994498,0.04047736767313004,0.10527231784996993,0.07531164235585419,0.04106424947039233
123704,4,0.06942830215095722,0.04533883536594607,0.09996880001840358,0.07531164235585419,0.053524576478867734
123704,5,0.06879272571299892,0.05167277290542094,0.09459593459221649,0.07531164235585419,0.055425933602050406
123704,6,0.06852562967022778,0.057652696359164146,0.09313632096896418,0.07531164235585419,0.060809209304844014
123704,7,0.06858271451784705,0.058070128886336114,0.08705937527537166,0.07531164235585419,0.06259739100421505
123704,8,0.06879695714840757,0.06309699212931097,0.08319168183306624,0.07531164235585419,0.06573658403317234
123704,9,0.06967439625840065,0.06373723976895751,0.0762702228894312,0.07531164235585419,0.06700932193602066
123704,10,0.07157390166098855,0.06637249335508533,0.07473538528872536,0.07531164235585419,0.06963674337184576
125307,1,0.1996870897541764,-0.25886288848912964,1.42349941485779,0.17599114510933367,-0.13683940305509065
125307,2,0.18379275764607872,-0.15774190637129437,0.8186335052413918,0.17599114510933367,-0.05974747944484123
125307,3,0.18358997700355065,-0.08114718137853072,0.495814866672621,0.17599114510933367,-0.005082584784359236
125307,4,0.1843510070413024,-0.006038122990153161,0.4427821065059072,0.17599114510933367,0.03271627893342442
125307,5,0.1905358599046846,-0.0200430831691204,0.3719678807141067,0.17599114510933367,0.051044034729910925
125307,6,0.1948013420480828,0.05285311224271472,0.2976693738707734,0.17599114510933367,0.07421073087699505
125307,7,0.19215627373230698,0.1501662875519585,0.2390116528947861,0.17599114510933367,0.09556278146688414
125307,8,0.18278833071418285,0.14037152130767527,0.22532617982382241,0.17599114510933367,0.10026002436932403
125307,9,0.1786482107006839,0.15010656172568582,0.19952685660253122,0.17599114510933367,0.10425526998087055
125307,10,0.17720119903679457,0.14524132714498972,0.1989377012291882,0.17599114510933367,0.10869150191707204
125354,1,0.2314121522457374,-0.14868332887666846,1.008064594312517,0.22816354454179044,-0.20108201034543816
125354,2,0.21350581528307425,-0.07418370408163666,0.6603745843263746,0.22816354454179044,-0.11393786186650198
125354,3,0.21409961478765538,-0.00013263092659432374,0.4130422930161597,0.22816354454179044,-0.046212315465571724
125354,4,0.21254915693421225,0.06570781765973899,0.4167752043237325,0.22816354454179044,0.01158913119824119
125354,5,0.21583058638377722,0.049741662064233916,0.35097945669472486,0.22816354454179044,0.03814795748068682
125354,6,0.21619535031531734,0.11699255671604081,0.2975491444795473,0.22816354454179044,0.07032543728349862
125354,7,0.2164698935313888,0.1766996283216682,0.25139835272710775,0.22816354454179044,0.1098365105353562
125354,8,0.21109708394776489,0.1675169373231098,0.2781054940191052,0.22816354454179044,0.11340036777994422
125354,9,0.21012403378586023,0.17693637267219575,0.2481658358906227,0.22816354454179044,0.1395360504435299
125354,10,0.2110627866309712,0.17753836590940253,0.26335605749037083,0.22816354454179044,0.14589437032155517
126685,1,0.07380418134851859,0.02089158148402115,0.1272707730750957,0.07473650922145847,0.04129470711267677
126685,2,0.07306478243523609,0.03355598775753643,0.1095384000569215,0.07473650922145847,0.042904223279869314
126685,3,0.0716997239061843,0.044220996251520095,0.09956062605022753,0.07473650922145847,0.05002187563076218
126685,4,0.0707246746170921,0.05200058511886385,0.08932322054662722,0.07473650922145847,0.05694763447621571
126685,5,0.0714416536520249,0.05662818675492676,0.08783346907930611,0.07473650922145847,0.0603407427050367
126685,6,0.07223164233035108,0.05733504197519368,0.09030354425653031,0.07473650922145847,0.06585103608844184
126685,7,0.07177297350010817,0.0637321520681351,0.08712795297041653,0.07473650922145847,0.06740330938630155
126685,8,0.0708195109796672,0.06613651108021079,0.08191836302458588,0.07473650922145847,0.06928317257544538
126685,9,0.07124155510758563,0.06602909565221804,0.07685052023859607,0.07473650922145847,0.0700321245957048
126685,10,0.07264692763444842,0.06886604284759001,0.07635420971134432,0.07473650922145847,0.07185554896976602
129649,1,0.179315095625702,-0.281577781012867,1.1689539929982224,0.16634955781466898,-0.20108201034543818
129649,2,0.1736652671583702,-0.2111897363623917,0.7145640543267349,0.16634955781466898,-0.11393786186650198
129649,3,0.1738649775633854,-0.09303877433035967,0.43173195614159776,0.16634955781466898,-0.046212315465571724
129649,4,0.1691545212074791,-0.024948167811962296,0.43373931315331316,0.16634955781466898,0.01158913119824119
129649,5,0.17667631795361857,-0.033742718925399484,0.36199322951527213,0.16634955781466898,0.03814795748068682
129649,6,0.18073659443645404,0.04109857627533331,0.3111913276635496,0.16634955781466898,0.07032543728349862
129649,7,0.17392951826372613,0.11617776400838364,0.24906900211865812,0.16634955781466898,0.10983651053535622
129649,8,0.16444234453476622,0.11375020700090732,0.21327676714424437,0.16634955781466898,0.11340036777994422
129649,9,0.16784429421282476,0.14271387643105937,0.19261110706220252,0.16634955781466898,0.1395360504435299
129649,10,0.1633246258510675,0.12835626271714884,0.1849086992716893,0.16634955781466898,0.14589437032155517
130503,1,0.2155877752475952,-0.4302381806626724,1.264755465415552,0.18279454051700217,-0.20108201034543818
130503,2,0.20736680545360242,-0.24786924711790936,0.7326364697225112,0.18279454051700217,-0.11393786186650198
130503,3,0.20559027218677128,-0.09242863985240968,0.49747507568480476,0.18279454051700217,-0.046212315465571724
130503,4,0.19539800215644726,0.006322678612526111,0.49659106736592906,0.18279454051700217,0.01158913119824119
130503,5,0.19489662344791905,0.0038171010847858344,0.3949325137821518,0.18279454051700217,0.03814795748068683
130503,6,0.19639088894629306,0.08420915490740111,0.31988873183828015,0.18279454051700217,0.07032543728349862
130503,7,0.19228614453440604,0.14768791682618265,0.2368941266100555,0.18279454051700217,0.10983651053535622
130503,8,0.19155578003626988,0.14238449140008513,0.2506593804842887,0.18279454051700217,0.11340036777994422
130503,9,0.2001617282436937,0.16176131131381588,0.22863376657274048,0.18279454051700217,0.1395360504435299
130503,10,0.19589767381667356,0.17005413945491554,0.2231361876666167,0.18279454051700217,0.14589437032155517
133035,1,0.14720757989951722,-0.2214970417294696,0.8428166232599665,0.13354821507093284,-0.07646926735741083
133035,2,0.14918844417394583,-0.10402402740528727,0.47517019197900123,0.13354821507093284,-0.013627052985582687
133035,3,0.14698566567733334,-0.04192252020051368,0.31495832239324195,0.13354821507093284,0.023256608811811186
133035,4,0.14572511891466275,0.02214609921901345,0.3075123845048331,0.13354821507093284,0.05009204662131104
133035,5,0.15051770306680004,0.013998864322570803,0.27016802349354885,0.13354821507093284,0.05766337036291328
133035,6,0.1541136566149053,0.09487458255916414,0.22754202670340296,0.13354821507093284,0.07487156110755815
133035,7,0.1476533142029049,0.11357335735326379,0.18371746410505518,0.13354821507093284,0.09360249148227383
133035,8,0.1440419296074065,0.11556243822828627,0.17079858677550175,0.13354821507093284,0.09797230047789654
133035,9,0.14656960888142676,0.12535240421782312,0.16696838541394943,0.13354821507093284,0.10153338572448248
133035,10,0.1442464679105199,0.12455651171478865,0.16250799038336283,0.13354821507093284,0.10361594814266424
133791,1,0.07634724388512366,0.027513210269884958,0.1298872185575004,0.07596741737782686,0.04129470711267677
133791,2,0.07576628969176595,0.03581152890353012,0.10325443250798116,0.07596741737782686,0.042904223279869314
133791,3,0.0746162143542006,0.0470579021278168,0.09281635903044361,0.07596741737782686,0.05002187563076218
133791,4,0.07412360631515241,0.05421160264689506,0.0948453475123805,0.07596741737782686,0.05694763447621571
133791,5,0.07402415190268365,0.06283266112464814,0.09292909475982247,0.07596741737782686,0.06034074270503669
133791,6,0.0740545172810874,0.062265384535972856,0.08521883311097156,0.07596741737782686,0.06585103608844184
133791,7,0.07400179570229175,0.06916349928484156,0.08019460875868001,0.07596741737782686,0.06740330938630155
133791,8,0.07435455976649438,0.07222403597099025,0.07619082517174247,0.07596741737782686,0.06928317257544538
133791,9,0.07516670242218373,0.07168604763074371,0.07800462062926528,0.07596741737782686,0.0700321245957048
133791,10,0.0764123091319379,0.07364112580738014,0.07854137746157197,0.07596741737782686,0.07185554896976602
134813,1,0.15190248697618608,-0.21519269689522813,0.7011677684788924,0.13335196243314962,-0.07646926735741083
134813,2,0.1480716939195614,-0.06041112019858552,0.4047977598555703,0.13335196243314962,-0.013627052985582687
134813,3,0.14483631525964227,-0.0015765897002595342,0.261273670601635,0.13335196243314962,0.023256608811811186
134813,4,0.14399486169744308,0.055718482929908,0.266091680589591,0.13335196243314962,0.05009204662131104
134813,5,0.15020874424657246,0.09945031767718993,0.2356060195852312,0.13335196243314962,0.057663370362913274
134813,6,0.14954788804875782,0.11754568844248658,0.1994829641945408,0.13335196243314962,0.07487156110755815
134813,7,0.14369117111789745,0.12394377728674733,0.15903951710607167,0.13335196243314962,0.09360249148227383
134813,8,0.14455256846455902,0.12436803193097457,0.17013111304865713,0.13335196243314962,0.09797230047789654
134813,9,0.1464798469092093,0.1245865126173702,0.16336235481673556,0.13335196243314962,0.10153338572448248
134813,10,0.1452021400889808,0.13635053727312418,0.15952239762775755,0.13335196243314962,0.10361594814266424
135916,1,0.07228036267299587,0.0162951686002053,0.1329385512404304,0.07380044796084029,0.04129470711267677
135916,2,0.07113646631619787,0.03331934202586684,0.10788805197630746,0.07380044796084029,0.042904223279869314
135916,3,0.07083297142877033,0.04558008180129547,0.09231669600563852,0.07380044796084029,0.05002187563076218
135916,4,0.07002920001837296,0.05241602367959941,0.09071642009315939,0.07380044796084029,0.05694763447621571
135916,5,0.06947226729697908,0.058429137880444904,0.08803342504422229,0.07380044796084029,0.0603407427050367
135916,6,0.06981252461168569,0.06082782414606602,0.08186752852868895,0.07380044796084029,0.06585103608844184
135916,7,0.07046983609058322,0.06604143133715801,0.07571716227971237,0.07380044796084029,0.06740330938630155
135916,8,0.07087472912351485,0.06764605795833845,0.07443833126764621,0.07380044796084029,0.06928317257544538
135916,9,0.07172345266552474,0.06879298862833894,0.0753510332723748,0.07380044796084029,0.0700321245957048
135916,10,0.07291289111031221,0.0716224420825271,0.07475950377537677,0.07380044796084029,0.07185554896976602
138330,1,0.07161174221031166,0.02817427567841002,0.11416035767746169,0.07300085142465051,0.04129470711267677
138330,2,0.0712008639947741,0.041235489423126825,0.10457551808767285,0.07300085142465051,0.04290422327986931
138330,3,0.07133061288445118,0.050586379520361824,0.09008917049803156,0.07300085142465051,0.05002187563076218
138330,4,0.07069707147808056,0.0581960638587371,0.08407207439394337,0.07300085142465051,0.05694763447621571
138330,5,0.07012740605689731,0.06139916804069445,0.08084730312040733,0.07300085142465051,0.060340742705036705
138330,6,0.07049876557847168,0.06394708144508443,0.0772304514787503,0.07300085142465051,0.06585103608844184
138330,7,0.07129884560965194,0.06531067575587701,0.07757728426583421,0.07300085142465051,0.06740330938630155
138330,8,0.0711764786526945,0.06773572199006384,0.07358038506163789,0.07300085142465051,0.06928317257544538
138330,9,0.0716214295347681,0.06890963089571356,0.0753739801101192,0.07300085142465051,0.0700321245957048
138330,10,0.07186113811477653,0.0709279419975104,0.07325304150250234,0.07300085142465051,0.07185554896976602
138386,1,0.1157914609511246,-0.2472872571891619,0.6948525796551575,0.10961432646871128,-0.07646926735741083
138386,2,0.1106692065786903,-0.11514012201691359,0.3721796457030462,0.10961432646871128,-0.013627052985582687
138386,3,0.1112775352418596,-0.056909646581129736,0.24935095958555453,0.10961432646871128,0.02325660881181119
138386,4,0.11174174979641234,-0.0019153695377003288,0.24494200038399083,0.10961432646871128,0.05009204662131104
138386,5,0.11937755232100329,0.06198829434854303,0.21768840767380881,0.10961432646871128,0.057663370362913274
138386,6,0.11420193669537618,0.07967712348128875,0.17504238617790402,0.10961432646871128,0.07487156110755815
138386,7,0.11044609097658493,0.09084843737854276,0.13304575518043849,0.10961432646871128,0.09360249148227383
138386,8,0.1093827715609733,0.09192847863906461,0.12635787713621038,0.10961432646871128,0.09797230047789654
138386,9,0.1073988112115747,0.08767264097630156,0.11785949964296827,0.10961432646871128,0.10153338572448248
138386,10,0.10324168012576097,0.09743412797179096,0.1076073452967623,0.10961432646871128,0.10361594814266424
140228,1,0.22817528730447173,-0.2770868723881702,1.1474791828151663,0.2068119304213727,-0.13683940305509065
140228,2,0.21954529655676294,-0.17577086835558342,0.6474618050339318,0.2068119304213727,-0.059747479444841226
140228,3,0.2269463266471087,-0.0501725660136535,0.4155598221273278,0.2068119304213727,-0.005082584784359236
140228,4,0.23744759825114375,0.12955296818649398,0.44197809893976414,0.2068119304213727,0.03271627893342442
140228,5,0.23808792985791544,0.11917178240944803,0.3936358192415639,0.2068119304213727,0.051044034729910925
140228,6,0.2310710496054646,0.14991644251042202,0.3294234153373343,0.2068119304213727,0.07421073087699505
140228,7,0.21924557180449625,0.1778264987944338,0.2504388251057086,0.2068119304213727,0.09556278146688414
140228,8,0.2004453559857146,0.1713089152630587,0.2457883816905735,0.2068119304213727,0.10026002436932403
140228,9,0.19947089138520885,0.18223460917278111,0.2218662515248382,0.2068119304213727,0.10425526998087054
141588,1,0.07636966148137729,0.027885326501697394,0.13396994741588708,0.07567609981708756,0.04129470711267677
141588,2,0.07569766509178669,0.04311648737987839,0.10342201839245257,0.07567609981708756,0.042904223279869314
141588,3,0.0745051940533277,0.05251459859222174,0.0935339032040059,0.07567609981708756,0.05002187563076218
141588,4,0.07186516020010598,0.061184894518627964,0.08354907554121804,0.07567609981708756,0.05694763447621571
141588,5,0.07191576874194709,0.06529910808387562,0.07970958760790836,0.07567609981708756,0.0603407427050367
141588,6,0.07453676291711896,0.06803918800401765,0.08193069517492102,0.07567609981708756,0.06585103608844184
141588,7,0.0756766020313678,0.0701620300284973,0.07955715862378998,0.07567609981708756,0.06740330938630155
141588,8,0.07619382026718498,0.0741570965305065,0.07773780857783885,0.07567609981708756,0.06928317257544538
142641,1,0.07309285857607019,0.025246605372881703,0.11247090431710127,0.0709312682427059,0.04318827913186045
142641,2,0.07091057264668729,0.03790878124629127,0.10311377979749214,0.0709312682427059,0.03998110695757962
142641,3,0.06741658635497835,0.048416635913907546,0.08768659627686404,0.0709312682427059,0.04106424947039233
142641,4,0.0654044739172238,0.05532314283260087,0.0753290379434377,0.0709312682427059,0.053524576478867734
142641,5,0.06666212218315606,0.061776462389831144,0.07210472443711424,0.0709312682427059,0.055425933602050406
142641,6,0.06978991922568543,0.061883668687355176,0.07362177938008374,0.0709312682427059,0.06080920930484402
142641,7,0.07280708152373447,0.06807105533837587,0.0764491916024379,0.0709312682427059,0.06259739100421505
142641,8,0.07130605344205895,0.06939079468462839,0.07301028780030605,0.0709312682427059,0.06573658403317234
143241,1,0.06349914867636629,0.01367282739039144,0.1367998683399816,0.06345629817064946,0.04129470711267677
143241,2,0.06415600382371624,0.028255639187573234,0.09924642948140439,0.06345629817064946,0.042904223279869314
143241,3,0.06053794158668646,0.0399296987493758,0.07991583204818098,0.06345629817064946,0.05002187563076218
143241,4,0.05854047340407036,0.04933693094574809,0.07073836911019327,0.06345629817064946,0.05694763447621571
143241,5,0.060235749662166,0.05529718455106769,0.0697923955784967,0.06345629817064946,0.0603407427050367
143241,6,0.0636958232689753,0.05731031453834401,0.07466153942936105,0.06345629817064946,0.06585103608844184
143241,7,0.06405772900168798,0.05902282471967135,0.0699893007516541,0.06345629817064946,0.06740330938630155
143241,8,0.06299846898282387,0.06166159380487124,0.06357347833220772,0.06345629817064946,0.06928317257544538
144646,1,0.06952405903135885,-0.0011546300420808286,0.13355297253783505,0.07225582316703139,0.04129470711267677
144646,2,0.06504878268090873,0.023685432546161067,0.11777646900841643,0.07225582316703139,0.042904223279869314
144646,3,0.06081893956325941,0.0398550265241322,0.0930458042539759,0.07225582316703139,0.05002187563076218
144646,4,0.05930653710115801,0.048491164973988754,0.07424331312274268,0.07225582316703139,0.05694763447621571
144646,5,0.06125376424845673,0.05677296604625992,0.07201961743507379,0.07225582316703139,0.06034074270503669
144646,6,0.0658113624553261,0.05709001549956105,0.07297425964461812,0.07225582316703139,0.06585103608844184
144646,7,0.069695904371866,0.06579529143722551,0.07440384705007719,0.07225582316703139,0.06740330938630155
145137,1,0.2858729204681948,-0.24850992391490712,1.0573854637576843,0.24147932813945117,-0.20108201034543818
145137,2,0.30074565994363284,0.060559088405981454,0.6611019695856868,0.24147932813945117,-0.113937861866502
145137,3,0.2930506328022674,0.1883586076562742,0.41632427499368196,0.24147932813945117,-0.046212315465571724
145137,4,0.28511410195339726,0.16338876141647418,0.44902773459030043,0.24147932813945117,0.01158913119824119
145137,5,0.30000701987101913,0.20709260470192614,0.3927964402474722,0.24147932813945117,0.03814795748068682
145137,6,0.2813444514780284,0.23549133602240002,0.3276918256365884,0.24147932813945117,0.07032543728349862
145137,7,0.24067004879555123,0.20963353932063944,0.26481527495192614,0.24147932813945117,0.10983651053535619
145599,1,0.13627778097291465,-0.20952342870880414,0.6555733033646827,0.11796585884839805,-0.07646926735741083
145599,2,0.1491038656891811,0.0015342472656807438,0.36049250366822894,0.11796585884839805,-0.013627052985582687
145599,3,0.144338481985483,0.09303661010183095,0.24238198915671294,0.11796585884839805,0.023256608811811186
145599,4,0.1422934472985433,0.08247273362513163,0.2558721225825924,0.11796585884839805,0.05009204662131104
145599,5,0.14876670546627355,0.09154016056611192,0.21426791805045475,0.11796585884839805,0.057663370362913274
145599,6,0.139117763232257,0.12048649897721875,0.17512862956032205,0.11796585884839805,0.07487156110755815
145599,7,0.1201897274038204,0.1055475334461986,0.13462102033809642,0.11796585884839805,0.09360249148227383
145678,1,0.3196881234694031,-0.19914831816418077,1.2655535407906067,0.2737981944354775,-0.2010820103454382
145678,2,0.329517509985972,0.04453977841720991,0.805485614798525,0.2737981944354775,-0.11393786186650197
145678,3,0.31060699231361133,0.14916431959042686,0.48218959137932704,0.2737981944354775,-0.046212315465571724
145678,4,0.30287310395533945,0.11497744287775102,0.48525098491425767,0.2737981944354775,0.01158913119824119
145678,5,0.3192800165130773,0.18849552542648218,0.42027096050351376,0.2737981944354775,0.03814795748068682
145678,6,0.3033695045825613,0.25814722219845754,0.34417191527794055,0.2737981944354775,0.07032543728349862
145678,7,0.2606977701693328,0.22834618229623804,0.29170578299375993,0.2737981944354775,0.1098365105353562
146130,1,0.2954283143919257,-0.31108923717449755,1.253721397310815,0.22779206852237444,-0.2010820103454382
146130,2,0.30992317387676677,0.008558407622089037,0.8810727587410345,0.22779206852237444,-0.11393786186650197
146130,3,0.292205042876528,0.11007061231828574,0.5255371829670934,0.22779206852237444,-0.046212315465571724
146130,4,0.2868649465263542,0.09822101121737026,0.4978854294917756,0.22779206852237444,0.011589131198241192
146130,5,0.2998161426922135,0.16858980852333527,0.40373491002667095,0.22779206852237444,0.03814795748068682
146130,6,0.2783159120506178,0.22586505187417227,0.32263377634489054,0.22779206852237444,0.07032543728349862
146130,7,0.22327330774326778,0.19848806128876317,0.24607708229728043,0.22779206852237444,0.1098365105353562
146196,1,0.29627034551318,-0.2738736961002689,1.3144692763950974,0.2542107030838099,-0.20108201034543818
146196,2,0.30992981640945033,0.03784502741144036,0.7816439436470233,0.2542107030838099,-0.11393786186650198
146196,3,0.2943878705473487,0.15587191000068223,0.4869597224104363,0.2542107030838099,-0.046212315465571724
146196,4,0.29120545832799816,0.13818697617615738,0.48809271046844094,0.2542107030838099,0.01158913119824119
146196,5,0.302504119110393,0.1824028585461568,0.40607587894524055,0.2542107030838099,0.03814795748068682
146196,6,0.2821684122630164,0.23909193149734165,0.3288202528491644,0.2542107030838099,0.07032543728349862
146196,7,0.2360281496221397,0.21079087514290173,0.2561996751030984,0.2542107030838099,0.1098365105353562
146215,1,0.07094121046700654,0.02335990578103453,0.13048816842891542,0.07306228737254439,0.04129470711267677
146215,2,0.06698500320019485,0.034224922200875474,0.09927033279334863,0.07306228737254439,0.042904223279869314
146215,3,0.0643744798147523,0.045796164199371825,0.08209597308616057,0.07306228737254439,0.05002187563076218
146215,4,0.06402993217121768,0.05325711433649638,0.07398798442934562,0.07306228737254439,0.05694763447621571
146215,5,0.06565199213056694,0.060526711285280976,0.07215281742848001,0.07306228737254439,0.0603407427050367
146215,6,0.06977413177018876,0.06077258480829384,0.07606126001486202,0.07306228737254439,0.06585103608844184
146215,7,0.07146362098048198,0.06922876847656134,0.07395678122576421,0.07306228737254439,0.06740330938630155
147445,1,0.2841135048654778,-0.04290367651386573,1.1974742289623714,0.23851088684517574,-0.13683940305509065
147445,2,0.26357606899680136,0.05252980287262732,0.6796002801795014,0.23851088684517574,-0.05974747944484123
147445,3,0.2517056626481865,0.1307438443106046,0.4172103828192366,0.23851088684517574,-0.005082584784359236
147445,4,0.2530491026093358,0.13707463392612507,0.433210379481753,0.23851088684517574,0.03271627893342442
147445,5,0.25901585249137277,0.16315257328368316,0.3552481053853018,0.23851088684517574,0.051044034729910925
147445,6,0.25653398880102324,0.21868620443646303,0.3036906314210197,0.23851088684517574,0.07421073087699503
147446,1,0.2065682485843618,-0.03381089888467481,0.6901594809547769,0.17334540264332898,-0.07646926735741083
147446,2,0.20593853392280803,0.031204364458069067,0.433766792107916,0.17334540264332898,-0.013627052985582687
147446,3,0.19820132560026155,0.13613902640334818,0.2831141499661869,0.17334540264332898,0.023256608811811186
147446,4,0.19871171749433858,0.11916413068637821,0.30003082854006524,0.17334540264332898,0.050092046621311045
147446,5,0.20416322509907414,0.13208153635351216,0.26901771850086686,0.17334540264332898,0.05766337036291327
147446,6,0.19517055922724277,0.177637712283508,0.2222599983104403,0.17334540264332898,0.07487156110755815
147689,1,0.0011381939937157904,0.0,1.2611189450370959,0.16020558621756353,-0.07646926735741083
147689,2,0.0005826915993814596,0.0,0.5028628502661996,0.16020558621756353,-0.013627052985582689
147689,3,0.0005084690894042008,0.0,0.3122000208941793,0.16020558621756353,0.023256608811811186
147689,4,0.0,0.0,0.0,0.16020558621756353,0.05009204662131104
147689,5,0.0,0.0,0.0,0.16020558621756353,0.057663370362913274
147946,1,0.3554075678839166,-0.09905463381923652,1.1503949331990477,0.3101737533324722,-0.20108201034543816
147946,2,0.3094141096151206,0.08788884231970107,0.6279185794415252,0.3101737533324722,-0.11393786186650198
147946,3,0.31446943957484197,0.22318882393644413,0.3865251649245611,0.3101737533324722,-0.046212315465571724
147946,4,0.3106181450917662,0.18315961872737385,0.46958041241709814,0.3101737533324722,0.01158913119824119
147946,5,0.30689497060919557,0.20948525545666263,0.40802366348470276,0.3101737533324722,0.03814795748068682
147946,6,0.32586524952374885,0.2969294426187943,0.3482019304315449,0.3101737533324722,0.07032543728349862
148086,1,-0.14762008697540085,-0.17223125865644018,3.3899763259172007,0.9339607415394755,0.04129470711267677
148507,1,0.137205088142651,-0.06837523403039236,0.5945179744287556,0.1523260301857552,-0.09703817718427543
148507,2,0.14181285934825186,0.00044887391097470086,0.2709324855605033,0.1523260301857552,-0.010862474037153184
148507,3,0.1493780619204405,0.08839979501789386,0.21643692866969833,0.1523260301857552,0.029496639530701137
148507,4,0.1340136145099954,0.07973209658568892,0.23509640279337796,0.1523260301857552,0.05667667612598568
148507,5,0.1348291217074318,0.09713249267044022,0.18617933891298155,0.1523260301857552,0.063749630647716
148729,1,0.0681964810765594,0.024932449207210494,0.10300058061662454,0.06774827977300135,0.04318827913186045
148729,2,0.07175413794596126,0.04548454703147442,0.09007004291973897,0.06774827977300135,0.03998110695757963
148729,3,0.07197016666447488,0.056997005151902425,0.08358001833254192,0.06774827977300135,0.04106424947039233
148729,4,0.06983905609819877,0.06418276834191139,0.0782602613184753,0.06774827977300135,0.053524576478867734
148729,5,0.06623659846005275,0.06410424809852855,0.06887594719805401,0.06774827977300135,0.0554259336020504
148755,1,0.06315626750230048,0.01781992006579247,0.10518557352131674,0.06198184476368418,0.04129470711267677
148755,2,0.06715637780583013,0.041158186633292404,0.08523615548734131,0.06198184476368418,0.042904223279869314
148755,3,0.06718850953907124,0.05076882985033393,0.08020040255305738,0.06198184476368418,0.05002187563076218
148755,4,0.06503500770141572,0.05929747756755677,0.07223744347960181,0.06198184476368418,0.05694763447621572
148755,5,0.06011035564442625,0.05788430323328719,0.0628267055249927,0.06198184476368418,0.060340742705036705
148978,1,0.11161102355360228,-0.06690539989527977,0.3430713070015625,0.09812838361215404,-0.07765868899990333
148978,2,0.13110374469476768,-0.0004403176794776087,0.25071060948753265,0.09812838361215404,-0.015041593309275837
148978,3,0.13087290641301869,0.08122633953308678,0.18681997295725017,0.09812838361215404,0.021988386580979714
148978,4,0.11009413003887836,0.07120327551624173,0.13918070147410289,0.09812838361215404,0.04882382439047958
148978,5,0.0982292895531906,0.09598753468399024,0.10010169207416486,0.09812838361215404,0.05639514813208182
149019,1,0.13537746308754794,-0.09254087029050995,0.42410323114516224,0.1378134226828054,-0.20108201034543818
149019,2,0.1585361440452954,0.04368166869705714,0.31472298411950983,0.1378134226828054,-0.11393786186650198
149019,3,0.15521983005403267,0.07400928634132264,0.21726377549997977,0.1378134226828054,-0.046212315465571724
149019,4,0.126276448559604,0.07325998530636935,0.1951724027736561,0.1378134226828054,0.01158913119824119
149076,1,0.06743997820972762,0.02408657953019877,0.1020260448940522,0.06319215082135443,0.04318827913186045
149076,2,0.07015762343997639,0.047059746284926485,0.08355167490840265,0.06319215082135443,0.03998110695757962
149076,3,0.07013046610650828,0.05611556897223635,0.07922956888653854,0.06319215082135443,0.041064249470392326
149076,4,0.06670208424009762,0.06333979245792376,0.07184360546410118,0.06319215082135443,0.053524576478867734
149587,1,0.07498057826267632,0.04195573158794641,0.1036312955684815,0.06875066097480742,0.04318827913186045
149587,2,0.0773923458785705,0.05749963291960869,0.08673639863843574,0.06875066097480742,0.03998110695757962
149587,3,0.0767352183428402,0.0665370608364344,0.08197893580068838,0.06875066097480742,0.04106424947039233
149587,4,0.07123921418934058,0.0687573324491948,0.07530591961635658,0.06875066097480742,0.053524576478867734
149999,1,0.07709477745072203,0.03079861610701351,0.10152050229422604,0.06614565363819191,-0.07765868899990333
149999,2,0.07912836420271517,0.05187647321856148,0.08771488128037386,0.06614565363819191,-0.015041593309275835
149999,3,0.07793336112447304,0.06301816907994073,0.08612569755731214,0.06614565363819191,0.021988386580979714
149999,4,0.07308990357995371,0.06414009313051694,0.07770046055093305,0.06614565363819191,0.04882382439047958
150212,1,0.22150372606442226,-0.05487631297087725,0.5765987443314713,0.1920156828118289,-0.13683940305509065
150212,2,0.24109815797644107,0.050915950432021795,0.42052220833940024,0.1920156828118289,-0.05974747944484123
150212,3,0.21980922053860957,0.1514415806225271,0.2733721706497694,0.1920156828118289,-0.005082584784359236
150212,4,0.19437433231500048,0.1478371088033481,0.23496160527076437,0.1920156828118289,0.03271627893342442
150237,1,0.07791427094478956,0.027488574205911,0.11170469998684118,0.06851449838623336,0.04129470711267677
150237,2,0.08010431481343373,0.05408993941671536,0.09140542434915933,0.06851449838623336,0.042904223279869314
150237,3,0.07918557899557523,0.06318525897661931,0.08447162056086199,0.06851449838623336,0.05002187563076218
150237,4,0.07177091162710036,0.06503656065677155,0.07764983456756713,0.06851449838623336,0.05694763447621572
150260,1,0.15662367620714893,-0.028296995735592967,0.3872734627218024,0.12872338433654007,-0.07646926735741083
150260,2,0.17546809740491964,0.022779606585102252,0.28450557557862455,0.12872338433654007,-0.013627052985582687
150260,3,0.1598270534634398,0.12113921776865522,0.20672534246066676,0.12872338433654007,0.023256608811811186
150260,4,0.13424825902279616,0.10484653227397578,0.1574774799359877,0.12872338433654007,0.050092046621311045
150440,1,0.18408977965802395,-0.10631052507941019,0.5959365117703168,0.1437831727298602,-0.09703817718427543
150440,2,0.1653514441482998,-0.031280797843858954,0.3115873517898,0.1437831727298602,-0.010862474037153184
150440,3,0.16562718618960826,0.13555208156057263,0.1917325040026936,0.1437831727298602,0.029496639530701137
150584,1,0.2816657168553196,0.013575738655449587,0.6170170273219882,0.24159524668802979,-0.13683940305509065
150584,2,0.2703545721000623,0.10886512743466281,0.4174137938235567,0.24159524668802979,-0.05974747944484123
150584,3,0.2686292066873058,0.245149685632577,0.2941614034984432,0.24159524668802979,-0.005082584784359236
150733,1,0.08226587471800668,0.027497897748299582,0.12227250633678444,0.08153161535546594,-0.07765868899990333
150733,2,0.08598603785932048,0.07068422180529832,0.09807382742958737,0.08153161535546594,-0.015041593309275837
150733,3,0.08035467866320459,0.07038112761953097,0.08947859413857562,0.08153161535546594,0.021988386580979714
150797,1,0.19371115719098211,-0.030411890743923253,0.4659436186362498,0.13832662540676166,-0.09703817718427543
150797,2,0.18074443319314423,0.038672509030324154,0.2707081649498799,0.13832662540676166,-0.010862474037153182
150797,3,0.1748882266584758,0.1398128502035212,0.20116404279778477,0.13832662540676166,0.029496639530701137
150815,1,0.27491288067871406,-0.07087123202638912,0.7567735613491446,0.24467324653894562,-0.13683940305509065
150815,2,0.2350185514167281,0.026947713227686965,0.44252192809307367,0.24467324653894562,-0.05974747944484124
150815,3,0.24779274904445336,0.21620440401989072,0.2768552346047455,0.24467324653894562,-0.005082584784359236
150845,1,0.07473530583409708,0.052945728394457436,0.09025863759440877,0.07258064131437636,-0.07765868899990333
150845,2,0.07607897967266361,0.07016435073925908,0.0815608684734419,0.07258064131437636,-0.015041593309275838
150845,3,0.07316547846082634,0.0686105756299793,0.07712552722186472,0.07258064131437636,0.021988386580979714
150996,1,0.0783230617429653,0.03895341640368288,0.10754430919923941,0.07434329108229565,0.04129470711267677
150996,2,0.08056656537946029,0.07019171459657514,0.08843310312630082,0.07434329108229565,0.042904223279869314
150996,3,0.07539457278923326,0.06762912870085569,0.08025980437952485,0.07434329108229565,0.05002187563076218
151036,1,0.2838116759231399,-0.05992334629672402,0.6816930852563905,0.25252978965030626,-0.13683940305509065
151036,2,0.24517937224648856,0.08522192326451572,0.43374798447824925,0.25252978965030626,-0.059747479444841226
151036,3,0.26209182161463535,0.2291874543880401,0.29089811857928205,0.25252978965030626,-0.005082584784359236
151067,1,0.07759405074359409,0.039127358815916,0.10486972686742568,0.07432102147863096,0.04318827913186045
151067,2,0.07964446050631592,0.0695346496846716,0.08611241949151549,0.07432102147863096,0.03998110695757962
151067,3,0.07490602963081008,0.06906921967889201,0.07882797485120308,0.07432102147863096,0.04106424947039233
151122,1,0.16942093574894454,-0.021803636571622542,0.3789288658269392,0.14461176630604355,-0.07646926735741083
151122,2,0.15304774852734454,0.03264682983318967,0.26692775352309117,0.14461176630604355,-0.013627052985582686
151122,3,0.15717492329693827,0.1340334198350972,0.17815968648678382,0.14461176630604355,0.023256608811811186
151320,1,0.07399722409631156,0.033894995225340896,0.09916845978985234,0.07127401827974889,0.04129470711267677
151320,2,0.07596234311677592,0.06435071284889449,0.08295240789234493,0.07127401827974889,0.042904223279869314
151320,3,0.07026469772358242,0.06534582339391215,0.07458050191114673,0.07127401827974889,0.05002187563076218
151814,1,0.12759045154776147,-0.16532798390203152,0.7585755806390919,0.22510238894039802,-0.07765868899990333
151814,2,0.11041007455996157,-0.015911041338690035,0.33491475904213797,0.22510238894039802,-0.015041593309275837
152128,1,0.04474481778401647,-0.09948996694437495,0.3980538819315229,0.14854665377019627,-0.2010820103454382
152128,2,0.0634530957783007,0.006246142751633377,0.16598976321242276,0.14854665377019627,-0.11393786186650198
152354,1,0.1236107750681104,-0.0555542346571436,0.30914546099090723,0.15962902589789074,-0.09703817718427543
152354,2,0.1260411770502044,0.07172116220567637,0.19766104845585697,0.15962902589789074,-0.010862474037153184
152365,1,-0.01582633949061141,-0.12857366500223832,0.10665846836504778,0.010517456305443096,-0.07765868899990333
152365,2,0.006409749112468756,-0.049083039917412474,0.0584555299444216,0.010517456305443096,-0.015041593309275838
152392,1,-0.08831027134598388,-0.2930947235164506,0.1825230456392315,-0.10039037823963104,-0.07765868899990333
152392,2,-0.06960912433586867,-0.13420942916250622,-0.007451668137485101,-0.10039037823963104,-0.015041593309275835
152535,1,-0.0960641296531014,-0.2926047804753549,0.18270981761074845,-0.07476089744556424,-0.07765868899990333
152535,2,-0.06570129910659749,-0.1340881799440774,-0.007825687918147861,-0.07476089744556424,-0.015041593309275837
152939,1,0.14789112302579235,-0.020271560515608855,0.3373073381959506,0.18396381959093344,-0.2010820103454382
153086,1,0.007163680519857506,-0.05510977675657258,0.13914763634443217,-0.026547743066105634,-0.07765868899990333
153097,1,-0.06086736174058692,-0.1575808406886956,0.03760053001300534,-0.11780008340625991,-0.07765868899990333
153146,1,0.0839807623501393,-0.012552597383772013,0.19612314594287872,0.07187731883025372,-0.07765868899990333
153161,1,0.046039109778628795,-0.04410465033496325,0.1503949775430522,0.03232301174773777,-0.07765868899990333
153196,1,0.12081734738070575,0.021636590020452262,0.22566848451910215,0.16555737110628632,-0.20108201034543818
153242,1,0.05755375619359096,0.0385418706901437,0.0742864337882081,0.07008652884394162,0.04318827913186045
153350,1,0.06694379901098182,-0.03744439330015026,0.17393705556240247,0.18940428717634594,-0.07765868899990333
153581,1,0.0455302287816026,0.030979613685248708,0.06324915624558969,0.06918946859387454,-0.07765868899990333
