Scheme_Code,window_years,mean,min,max_cagr,overall_cagr,predicted_min_cagr,fund,starts_before_2018,Scheme_Category,sentiment_score
118269,1,0.1653026076109974,-0.2018410186166706,0.8642328420473806,0.1409515752515875,-0.0970381771842754,CANARA ROBECO LARGE CAP FUND - DIRECT PLAN - GROWTH OPTION,True,Equity Scheme - Large Cap Fund,0.10725469887256622
118269,2,0.1589859201861331,-0.0526993520722189,0.4691907486607436,0.1409515752515875,-0.0108624740371531,CANARA ROBECO LARGE CAP FUND - DIRECT PLAN - GROWTH OPTION,True,Equity Scheme - Large Cap Fund,0.10725469887256622
118269,3,0.1547622039149677,0.0053732795692251,0.2969938958271985,0.1409515752515875,0.0294966395307011,CANARA ROBECO LARGE CAP FUND - DIRECT PLAN - GROWTH OPTION,True,Equity Scheme - Large Cap Fund,0.10725469887256622
118269,4,0.1558592844213019,0.0525876767354964,0.3081231068540822,0.1409515752515875,0.0566766761259856,CANARA ROBECO LARGE CAP FUND - DIRECT PLAN - GROWTH OPTION,True,Equity Scheme - Large Cap Fund,0.10725469887256622
118269,5,0.1577201786845966,0.026134014799297,0.2706030346168466,0.1409515752515875,0.063749630647716,CANARA ROBECO LARGE CAP FUND - DIRECT PLAN - GROWTH OPTION,True,Equity Scheme - Large Cap Fund,0.10725469887256622
118269,6,0.1572543378578817,0.0814744231876374,0.2154572686900733,0.1409515752515875,0.0810178048157826,CANARA ROBECO LARGE CAP FUND - DIRECT PLAN - GROWTH OPTION,True,Equity Scheme - Large Cap Fund,0.10725469887256622
118269,7,0.1555168192892876,0.08959083118495,0.1894634288981742,0.1409515752515875,0.100192182820766,CANARA ROBECO LARGE CAP FUND - DIRECT PLAN - GROWTH OPTION,True,Equity Scheme - Large Cap Fund,0.10725469887256622
118269,8,0.157895680631762,0.1156643679373068,0.1941608062560109,0.1409515752515875,0.1047559926647103,CANARA ROBECO LARGE CAP FUND - DIRECT PLAN - GROWTH OPTION,True,Equity Scheme - Large Cap Fund,0.10725469887256622
118269,9,0.1557908189873857,0.1303565627480361,0.1786877161907829,0.1409515752515875,0.1133639788804442,CANARA ROBECO LARGE CAP FUND - DIRECT PLAN - GROWTH OPTION,True,Equity Scheme - Large Cap Fund,0.10725469887256622
118269,10,0.1546461834130099,0.1282390008659786,0.1738972320405594,0.1409515752515875,0.1177696610441443,CANARA ROBECO LARGE CAP FUND - DIRECT PLAN - GROWTH OPTION,True,Equity Scheme - Large Cap Fund,0.10725469887256622
118272,1,0.1608098995327014,-0.1527482228043682,0.6297703506323584,0.1392949162111678,-0.0764692673574108,CANARA ROBECO EQUITY HYBRID FUND - DIRECT PLAN - GROWTH OPTION,True,Hybrid Scheme - Aggressive Hybrid Fund,0.1689651702579699
118272,2,0.1536704742390056,-0.0340777710025602,0.3716620730684326,0.1392949162111678,-0.0136270529855826,CANARA ROBECO EQUITY HYBRID FUND - DIRECT PLAN - GROWTH OPTION,True,Hybrid Scheme - Aggressive Hybrid Fund,0.1689651702579699
118272,3,0.1472931452070423,0.0173459328044069,0.2604004315781201,0.1392949162111678,0.0232566088118111,CANARA ROBECO EQUITY HYBRID FUND - DIRECT PLAN - GROWTH OPTION,True,Hybrid Scheme - Aggressive Hybrid Fund,0.1689651702579699
118272,4,0.1462027513772083,0.0639318914781239,0.2514842791761116,0.1392949162111678,0.050092046621311,CANARA ROBECO EQUITY HYBRID FUND - DIRECT PLAN - GROWTH OPTION,True,Hybrid Scheme - Aggressive Hybrid Fund,0.1689651702579699
118272,5,0.1461101534390671,0.0452157826558863,0.2223847593049643,0.1392949162111678,0.0576633703629132,CANARA ROBECO EQUITY HYBRID FUND - DIRECT PLAN - GROWTH OPTION,True,Hybrid Scheme - Aggressive Hybrid Fund,0.1689651702579699
118272,6,0.1449951342000103,0.1031725378433388,0.185785171675733,0.1392949162111678,0.0748715611075581,CANARA ROBECO EQUITY HYBRID FUND - DIRECT PLAN - GROWTH OPTION,True,Hybrid Scheme - Aggressive Hybrid Fund,0.1689651702579699
118272,7,0.1435343472085148,0.1093785399959119,0.1840508262179756,0.1392949162111678,0.0936024914822738,CANARA ROBECO EQUITY HYBRID FUND - DIRECT PLAN - GROWTH OPTION,True,Hybrid Scheme - Aggressive Hybrid Fund,0.1689651702579699
118272,8,0.1457925826985031,0.1107223181825569,0.1949381596980783,0.1392949162111678,0.0979723004778965,CANARA ROBECO EQUITY HYBRID FUND - DIRECT PLAN - GROWTH OPTION,True,Hybrid Scheme - Aggressive Hybrid Fund,0.1689651702579699
118272,9,0.1453364973672626,0.1224429789524366,0.1741941239663185,0.1392949162111678,0.1015333857244824,CANARA ROBECO EQUITY HYBRID FUND - DIRECT PLAN - GROWTH OPTION,True,Hybrid Scheme - Aggressive Hybrid Fund,0.1689651702579699
118272,10,0.1462719889287843,0.1187751095340046,0.1693538399075917,0.1392949162111678,0.1036159481426642,CANARA ROBECO EQUITY HYBRID FUND - DIRECT PLAN - GROWTH OPTION,True,Hybrid Scheme - Aggressive Hybrid Fund,0.1689651702579699
118320,1,0.0731807821431438,0.020431725980982,0.114665283724181,0.0717677602805935,0.0431882791318604,CANARA ROBECO SHORT DURATION FUND - DIRECT PLAN - GROWTH OPTION,True,Debt Scheme - Short Duration Fund,0.08182677295472887
118320,2,0.0725683853724378,0.0328591460310105,0.1003849532399596,0.0717677602805935,0.0399811069575796,CANARA ROBECO SHORT DURATION FUND - DIRECT PLAN - GROWTH OPTION,True,Debt Scheme - Short Duration Fund,0.08182677295472887
118320,3,0.0720375761770969,0.0442887906996618,0.0899710648565863,0.0717677602805935,0.0410642494703923,CANARA ROBECO SHORT DURATION FUND - DIRECT PLAN - GROWTH OPTION,True,Debt Scheme - Short Duration Fund,0.08182677295472887
118320,4,0.0716481306659993,0.0513124432194198,0.090592798177751,0.0717677602805935,0.0535245764788677,CANARA ROBECO SHORT DURATION FUND - DIRECT PLAN - GROWTH OPTION,True,Debt Scheme - Short Duration Fund,0.08182677295472887
118320,5,0.0714593328046727,0.0577570603808113,0.0882844433790748,0.0717677602805935,0.0554259336020504,CANARA ROBECO SHORT DURATION FUND - DIRECT PLAN - GROWTH OPTION,True,Debt Scheme - Short Duration Fund,0.08182677295472887
118320,6,0.0723728583853229,0.05805182074448,0.085095478037233,0.0717677602805935,0.060809209304844,CANARA ROBECO SHORT DURATION FUND - DIRECT PLAN - GROWTH OPTION,True,Debt Scheme - Short Duration Fund,0.08182677295472887
118320,7,0.0726137158980097,0.0647732309880948,0.0863615260900145,0.0717677602805935,0.062597391004215,CANARA ROBECO SHORT DURATION FUND - DIRECT PLAN - GROWTH OPTION,True,Debt Scheme - Short Duration Fund,0.08182677295472887
118320,8,0.07184321058033,0.0664032669640222,0.0816090869924075,0.0717677602805935,0.0657365840331723,CANARA ROBECO SHORT DURATION FUND - DIRECT PLAN - GROWTH OPTION,True,Debt Scheme - Short Duration Fund,0.08182677295472887
118320,9,0.0714392520559834,0.0661874370995103,0.0764934049618553,0.0717677602805935,0.0670093219360206,CANARA ROBECO SHORT DURATION FUND - DIRECT PLAN - GROWTH OPTION,True,Debt Scheme - Short Duration Fund,0.08182677295472887
118320,10,0.0719412342487167,0.0700923648153102,0.0741612177565183,0.0717677602805935,0.0696367433718457,CANARA ROBECO SHORT DURATION FUND - DIRECT PLAN - GROWTH OPTION,True,Debt Scheme - Short Duration Fund,0.08182677295472887
118407,1,0.0785406773692273,0.0162642739777727,0.1219637687536232,0.0784051010100028,0.0431882791318604,Bandhan Short Duration Fund - Direct Plan - Growth,True,Debt Scheme - Short Duration Fund,0.08182677295472887
118407,2,0.0778538987655825,0.0324689943453844,0.1114116856227627,0.0784051010100028,0.0399811069575796,Bandhan Short Duration Fund - Direct Plan - Growth,True,Debt Scheme - Short Duration Fund,0.08182677295472887
118407,3,0.0764799333123961,0.0453269316228643,0.1051363164827656,0.0784051010100028,0.0410642494703923,Bandhan Short Duration Fund - Direct Plan - Growth,True,Debt Scheme - Short Duration Fund,0.08182677295472887
118407,4,0.0754280079897463,0.0541813177431216,0.0993515951337309,0.0784051010100028,0.0535245764788677,Bandhan Short Duration Fund - Direct Plan - Growth,True,Debt Scheme - Short Duration Fund,0.08182677295472887
118407,5,0.0752955949011496,0.0611107411950424,0.0893043417477958,0.0784051010100028,0.0554259336020504,Bandhan Short Duration Fund - Direct Plan - Growth,True,Debt Scheme - Short Duration Fund,0.08182677295472887
118407,6,0.0764378220398071,0.0625076944782978,0.0923524817166305,0.0784051010100028,0.060809209304844,Bandhan Short Duration Fund - Direct Plan - Growth,True,Debt Scheme - Short Duration Fund,0.08182677295472887
118407,7,0.0767485371675214,0.0673414655572599,0.0943885617018804,0.0784051010100028,0.062597391004215,Bandhan Short Duration Fund - Direct Plan - Growth,True,Debt Scheme - Short Duration Fund,0.08182677295472887
118407,8,0.0757903192829622,0.069757239757886,0.0893240704553615,0.0784051010100028,0.0657365840331723,Bandhan Short Duration Fund - Direct Plan - Growth,True,Debt Scheme - Short Duration Fund,0.08182677295472887
118407,9,0.0751854203251611,0.0704381307994621,0.0834815082573618,0.0784051010100028,0.0670093219360206,Bandhan Short Duration Fund - Direct Plan - Growth,True,Debt Scheme - Short Duration Fund,0.08182677295472887
118407,10,0.0759548439262616,0.0718874223214227,0.0800505372200515,0.0784051010100028,0.0696367433718457,Bandhan Short Duration Fund - Direct Plan - Growth,True,Debt Scheme - Short Duration Fund,0.08182677295472887
118479,1,0.1511075219306489,-0.280453591933666,0.8521215376638318,0.1304899213842936,-0.0970381771842754,BANDHAN Large Cap Fund-Direct Plan-Growth,True,Equity Scheme - Large Cap Fund,0.10725469887256622
118479,2,0.1421878384764995,-0.1132097386147614,0.4789181636068149,0.1304899213842936,-0.0108624740371531,BANDHAN Large Cap Fund-Direct Plan-Growth,True,Equity Scheme - Large Cap Fund,0.10725469887256622
118479,3,0.1377319580490374,-0.0411524495716978,0.2872501788558068,0.1304899213842936,0.0294966395307011,BANDHAN Large Cap Fund-Direct Plan-Growth,True,Equity Scheme - Large Cap Fund,0.10725469887256622
118479,4,0.1374735632717196,0.0180993297362619,0.3146042579622943,0.1304899213842936,0.0566766761259856,BANDHAN Large Cap Fund-Direct Plan-Growth,True,Equity Scheme - Large Cap Fund,0.10725469887256622
118479,5,0.1372716752480655,-0.0055294336744268,0.2712753410046971,0.1304899213842936,0.063749630647716,BANDHAN Large Cap Fund-Direct Plan-Growth,True,Equity Scheme - Large Cap Fund,0.10725469887256622
118479,6,0.1346503981265886,0.04323579463399,0.2230977864588983,0.1304899213842936,0.0810178048157826,BANDHAN Large Cap Fund-Direct Plan-Growth,True,Equity Scheme - Large Cap Fund,0.10725469887256622
118479,7,0.1320973680892871,0.0592610174440755,0.1717012878466266,0.1304899213842936,0.100192182820766,BANDHAN Large Cap Fund-Direct Plan-Growth,True,Equity Scheme - Large Cap Fund,0.10725469887256622
118479,8,0.1359215046271939,0.0913618910565841,0.1718436679584596,0.1304899213842936,0.1047559926647103,BANDHAN Large Cap Fund-Direct Plan-Growth,True,Equity Scheme - Large Cap Fund,0.10725469887256622
118479,9,0.1364527115299468,0.1054408886162316,0.1664680566941361,0.1304899213842936,0.1133639788804442,BANDHAN Large Cap Fund-Direct Plan-Growth,True,Equity Scheme - Large Cap Fund,0.10725469887256622
118479,10,0.1367183038513051,0.1109515883004799,0.1592725213124295,0.1304899213842936,0.1177696610441443,BANDHAN Large Cap Fund-Direct Plan-Growth,True,Equity Scheme - Large Cap Fund,0.10725469887256622
118525,1,0.2556881508360956,-0.4028305045067633,1.2142404041819983,0.2012103503530988,-0.2010820103454381,Franklin India Small Cap Fund - Direct - Growth,True,Equity Scheme - Small Cap Fund,0.12349471151828766
118525,2,0.2259032337095398,-0.2546305296103973,0.6853980558811967,0.2012103503530988,-0.1139378618665019,Franklin India Small Cap Fund - Direct - Growth,True,Equity Scheme - Small Cap Fund,0.12349471151828766
118525,3,0.2094452546380965,-0.1368029383497299,0.4980615228846994,0.2012103503530988,-0.0462123154655717,Franklin India Small Cap Fund - Direct - Growth,True,Equity Scheme - Small Cap Fund,0.12349471151828766
118525,4,0.1984342828707385,-0.0358977787269538,0.4965801259979288,0.2012103503530988,0.0115891311982411,Franklin India Small Cap Fund - Direct - Growth,True,Equity Scheme - Small Cap Fund,0.12349471151828766
118525,5,0.1883957869461757,-0.0241522855724987,0.3928774690665257,0.2012103503530988,0.0381479574806868,Franklin India Small Cap Fund - Direct - Growth,True,Equity Scheme - Small Cap Fund,0.12349471151828766
118525,6,0.1758131537478491,0.0596512181700441,0.3198528783587357,0.2012103503530988,0.0703254372834986,Franklin India Small Cap Fund - Direct - Growth,True,Equity Scheme - Small Cap Fund,0.12349471151828766
118525,7,0.169220301261337,0.1161510062539337,0.2112715870830352,0.2012103503530988,0.1098365105353561,Franklin India Small Cap Fund - Direct - Growth,True,Equity Scheme - Small Cap Fund,0.12349471151828766
118525,8,0.1799167604912995,0.1257104834349842,0.2607170850046421,0.2012103503530988,0.1134003677799442,Franklin India Small Cap Fund - Direct - Growth,True,Equity Scheme - Small Cap Fund,0.12349471151828766
118525,9,0.1875477591902232,0.1318929091680076,0.2396873626264442,0.2012103503530988,0.1395360504435299,Franklin India Small Cap Fund - Direct - Growth,True,Equity Scheme - Small Cap Fund,0.12349471151828766
118525,10,0.1970218535241865,0.1491480395399229,0.2535884615749217,0.2012103503530988,0.1458943703215551,Franklin India Small Cap Fund - Direct - Growth,True,Equity Scheme - Small Cap Fund,0.12349471151828766
118533,1,0.2239706821626202,-0.3132900256402443,0.9966600216824522,0.1819739650189329,-0.1368394030550906,Franklin India Mid Cap Fund - Direct - Growth,True,Equity Scheme - Mid Cap Fund,0.10048952102661132
118533,2,0.2032550062495965,-0.1680308049357857,0.5688005586429727,0.1819739650189329,-0.0597474794448412,Franklin India Mid Cap Fund - Direct - Growth,True,Equity Scheme - Mid Cap Fund,0.10048952102661132
118533,3,0.1870909317361379,-0.0753654215571479,0.4358334372726598,0.1819739650189329,-0.0050825847843592,Franklin India Mid Cap Fund - Direct - Growth,True,Equity Scheme - Mid Cap Fund,0.10048952102661132
118533,4,0.1783833746044512,0.0110322394540254,0.3686044143958864,0.1819739650189329,0.0327162789334244,Franklin India Mid Cap Fund - Direct - Growth,True,Equity Scheme - Mid Cap Fund,0.10048952102661132
118533,5,0.1717951381931598,0.0046837694923038,0.3248359561408596,0.1819739650189329,0.0510440347299109,Franklin India Mid Cap Fund - Direct - Growth,True,Equity Scheme - Mid Cap Fund,0.10048952102661132
118533,6,0.1647884644932886,0.0895150360412448,0.259011992163646,0.1819739650189329,0.074210730876995,Franklin India Mid Cap Fund - Direct - Growth,True,Equity Scheme - Mid Cap Fund,0.10048952102661132
118533,7,0.1607091435980019,0.1049354552992523,0.2186451461799683,0.1819739650189329,0.0955627814668841,Franklin India Mid Cap Fund - Direct - Growth,True,Equity Scheme - Mid Cap Fund,0.10048952102661132
118533,8,0.1675114815050002,0.1109754497010677,0.2471318662195056,0.1819739650189329,0.100260024369324,Franklin India Mid Cap Fund - Direct - Growth,True,Equity Scheme - Mid Cap Fund,0.10048952102661132
118533,9,0.1714047908206672,0.1302281135152285,0.2189715191941552,0.1819739650189329,0.1042552699808705,Franklin India Mid Cap Fund - Direct - Growth,True,Equity Scheme - Mid Cap Fund,0.10048952102661132
118533,10,0.1790734537866745,0.1406748965482089,0.2195569671779766,0.1819739650189329,0.108691501917072,Franklin India Mid Cap Fund - Direct - Growth,True,Equity Scheme - Mid Cap Fund,0.10048952102661132
118546,1,0.1577740028008352,-0.2228423005381108,0.6914378080977472,0.1365083974233769,-0.0764692673574108,Franklin India Aggressive Hybrid Fund - Direct - Growth,True,Hybrid Scheme - Aggressive Hybrid Fund,0.1689651702579699
118546,2,0.1502197049096045,-0.0855893475924297,0.3825567135400494,0.1365083974233769,-0.0136270529855826,Franklin India Aggressive Hybrid Fund - Direct - Growth,True,Hybrid Scheme - Aggressive Hybrid Fund,0.1689651702579699
118546,3,0.1423265540956212,-0.0283611690521659,0.2842837657006778,0.1365083974233769,0.0232566088118111,Franklin India Aggressive Hybrid Fund - Direct - Growth,True,Hybrid Scheme - Aggressive Hybrid Fund,0.1689651702579699
118546,4,0.1383159385824879,0.0177008808232372,0.2768169309833117,0.1365083974233769,0.050092046621311,Franklin India Aggressive Hybrid Fund - Direct - Growth,True,Hybrid Scheme - Aggressive Hybrid Fund,0.1689651702579699
118546,5,0.1361664357938899,0.0161521529837753,0.2421873262811125,0.1365083974233769,0.0576633703629132,Franklin India Aggressive Hybrid Fund - Direct - Growth,True,Hybrid Scheme - Aggressive Hybrid Fund,0.1689651702579699
118546,6,0.1331638121405177,0.0778673386070722,0.195915105747529,0.1365083974233769,0.0748715611075581,Franklin India Aggressive Hybrid Fund - Direct - Growth,True,Hybrid Scheme - Aggressive Hybrid Fund,0.1689651702579699
118546,7,0.1306750053684545,0.0938841752433319,0.1671720830432166,0.1365083974233769,0.0936024914822738,Franklin India Aggressive Hybrid Fund - Direct - Growth,True,Hybrid Scheme - Aggressive Hybrid Fund,0.1689651702579699
118546,8,0.1348344162373603,0.0991012933926915,0.182938637959672,0.1365083974233769,0.0979723004778965,Franklin India Aggressive Hybrid Fund - Direct - Growth,True,Hybrid Scheme - Aggressive Hybrid Fund,0.1689651702579699
118546,9,0.1358237654551753,0.1122723676423298,0.1645496159661814,0.1365083974233769,0.1015333857244824,Franklin India Aggressive Hybrid Fund - Direct - Growth,True,Hybrid Scheme - Aggressive Hybrid Fund,0.1689651702579699
118546,10,0.1389894177807727,0.1154988097171827,0.1641264888817277,0.1365083974233769,0.1036159481426642,Franklin India Aggressive Hybrid Fund - Direct - Growth,True,Hybrid Scheme - Aggressive Hybrid Fund,0.1689651702579699
118565,1,0.0742124209887515,-0.1154571614700121,1.923116604868643,0.164699815650634,0.0431882791318604,Franklin India SHORT TERM INCOME PLAN - Direct - GROWTH,True,Debt Scheme - Short Duration Fund,0.08182677295472887
118565,2,0.072877730939083,-0.0205727401300953,0.7352363271110962,0.164699815650634,0.0399811069575796,Franklin India SHORT TERM INCOME PLAN - Direct - GROWTH,True,Debt Scheme - Short Duration Fund,0.08182677295472887
118565,3,0.0712372437048202,0.0098300917796221,0.4727745071623317,0.164699815650634,0.0410642494703923,Franklin India SHORT TERM INCOME PLAN - Direct - GROWTH,True,Debt Scheme - Short Duration Fund,0.08182677295472887
118565,4,0.070129986170848,0.0343851887168189,0.3666065275543502,0.164699815650634,0.0535245764788677,Franklin India SHORT TERM INCOME PLAN - Direct - GROWTH,True,Debt Scheme - Short Duration Fund,0.08182677295472887
118565,5,0.0666970334588252,0.0359125146431433,0.3106892961984031,0.164699815650634,0.0554259336020504,Franklin India SHORT TERM INCOME PLAN - Direct - GROWTH,True,Debt Scheme - Short Duration Fund,0.08182677295472887
118565,6,0.0664719431028651,0.0348540156335603,0.2381948185690416,0.164699815650634,0.060809209304844,Franklin India SHORT TERM INCOME PLAN - Direct - GROWTH,True,Debt Scheme - Short Duration Fund,0.08182677295472887
118565,7,0.0659564105991402,0.0432975501006771,0.2164797067045261,0.164699815650634,0.062597391004215,Franklin India SHORT TERM INCOME PLAN - Direct - GROWTH,True,Debt Scheme - Short Duration Fund,0.08182677295472887
118565,8,0.0689328223143134,0.0493165831586992,0.1992008269708516,0.164699815650634,0.0657365840331723,Franklin India SHORT TERM INCOME PLAN - Direct - GROWTH,True,Debt Scheme - Short Duration Fund,0.08182677295472887
118565,9,0.0708288654645594,0.0562635193137646,0.1893951797855519,0.164699815650634,0.0670093219360206,Franklin India SHORT TERM INCOME PLAN - Direct - GROWTH,True,Debt Scheme - Short Duration Fund,0.08182677295472887
118565,10,0.071702199732147,0.0580616122390118,0.1774968305698987,0.164699815650634,0.0696367433718457,Franklin India SHORT TERM INCOME PLAN - Direct - GROWTH,True,Debt Scheme - Short Duration Fund,0.08182677295472887
118569,1,0.0839178596558101,0.0259606784558756,0.1674588301627613,0.0835913128924046,0.0412947071126767,Franklin India Corporate Debt Fund - Direct - GROWTH,True,Debt Scheme - Corporate Bond Fund,-0.15554133685011612
118569,2,0.0829924192054169,0.0393541182850702,0.1454334962108348,0.0835913128924046,0.0429042232798693,Franklin India Corporate Debt Fund - Direct - GROWTH,True,Debt Scheme - Corporate Bond Fund,-0.15554133685011612
118569,3,0.0812163551011457,0.0495026355813494,0.1250025232586913,0.0835913128924046,0.0500218756307621,Franklin India Corporate Debt Fund - Direct - GROWTH,True,Debt Scheme - Corporate Bond Fund,-0.15554133685011612
118569,4,0.0803968526327293,0.0567425803787629,0.1203598603737401,0.0835913128924046,0.0569476344762157,Franklin India Corporate Debt Fund - Direct - GROWTH,True,Debt Scheme - Corporate Bond Fund,-0.15554133685011612
118569,5,0.0800877952944048,0.0614938220258662,0.1081733734094017,0.0835913128924046,0.0603407427050367,Franklin India Corporate Debt Fund - Direct - GROWTH,True,Debt Scheme - Corporate Bond Fund,-0.15554133685011612
118569,6,0.0808346663141389,0.0669874446096525,0.1080967974587148,0.0835913128924046,0.0658510360884418,Franklin India Corporate Debt Fund - Direct - GROWTH,True,Debt Scheme - Corporate Bond Fund,-0.15554133685011612
118569,7,0.080980739025859,0.0703200282044416,0.1051603490081334,0.0835913128924046,0.0674033093863015,Franklin India Corporate Debt Fund - Direct - GROWTH,True,Debt Scheme - Corporate Bond Fund,-0.15554133685011612
118569,8,0.0803998499464904,0.0728596364759321,0.1004367580915144,0.0835913128924046,0.0692831725754453,Franklin India Corporate Debt Fund - Direct - GROWTH,True,Debt Scheme - Corporate Bond Fund,-0.15554133685011612
118569,9,0.0800901457523082,0.0738771641654125,0.092665378347212,0.0835913128924046,0.0700321245957048,Franklin India Corporate Debt Fund - Direct - GROWTH,True,Debt Scheme - Corporate Bond Fund,-0.15554133685011612
118569,10,0.0808133060941373,0.0767056961245047,0.0897279370449966,0.0835913128924046,0.071855548969766,Franklin India Corporate Debt Fund - Direct - GROWTH,True,Debt Scheme - Corporate Bond Fund,-0.15554133685011612
118624,1,0.1610794847569434,-0.2014608087605385,0.6611006488083127,0.1396685552153806,-0.0764692673574108,Edelweiss Aggressive Hybrid Fund-Direct Plan-Growth Option,True,Hybrid Scheme - Aggressive Hybrid Fund,0.1689651702579699
118624,2,0.1539786964156433,-0.0711102319633689,0.4200305281567291,0.1396685552153806,-0.0136270529855826,Edelweiss Aggressive Hybrid Fund-Direct Plan-Growth Option,True,Hybrid Scheme - Aggressive Hybrid Fund,0.1689651702579699
118624,3,0.1477966135359875,-0.0183743605699971,0.2883289692501267,0.1396685552153806,0.0232566088118111,Edelweiss Aggressive Hybrid Fund-Direct Plan-Growth Option,True,Hybrid Scheme - Aggressive Hybrid Fund,0.1689651702579699
118624,4,0.1454669130190432,0.0191943172098083,0.3071946733536286,0.1396685552153806,0.050092046621311,Edelweiss Aggressive Hybrid Fund-Direct Plan-Growth Option,True,Hybrid Scheme - Aggressive Hybrid Fund,0.1689651702579699
118624,5,0.1442635892181065,0.0113310816028877,0.2715289519434292,0.1396685552153806,0.0576633703629132,Edelweiss Aggressive Hybrid Fund-Direct Plan-Growth Option,True,Hybrid Scheme - Aggressive Hybrid Fund,0.1689651702579699
118624,6,0.1411397084011267,0.0652133194039819,0.2243874875072626,0.1396685552153806,0.0748715611075581,Edelweiss Aggressive Hybrid Fund-Direct Plan-Growth Option,True,Hybrid Scheme - Aggressive Hybrid Fund,0.1689651702579699
118624,7,0.1388509552063758,0.0803320051857996,0.179364901898358,0.1396685552153806,0.0936024914822738,Edelweiss Aggressive Hybrid Fund-Direct Plan-Growth Option,True,Hybrid Scheme - Aggressive Hybrid Fund,0.1689651702579699
118624,8,0.1425259359441311,0.1037676237860174,0.1761471111479793,0.1396685552153806,0.0979723004778965,Edelweiss Aggressive Hybrid Fund-Direct Plan-Growth Option,True,Hybrid Scheme - Aggressive Hybrid Fund,0.1689651702579699
118624,9,0.1434436260091491,0.1200104108022612,0.1635768022602277,0.1396685552153806,0.1015333857244824,Edelweiss Aggressive Hybrid Fund-Direct Plan-Growth Option,True,Hybrid Scheme - Aggressive Hybrid Fund,0.1689651702579699
118624,10,0.1450837016171469,0.1228217497497823,0.1642249621714302,0.1396685552153806,0.1036159481426642,Edelweiss Aggressive Hybrid Fund-Direct Plan-Growth Option,True,Hybrid Scheme - Aggressive Hybrid Fund,0.1689651702579699
118632,1,0.1915518695113362,-0.3583586990219386,0.8733294485879843,0.1535391156347325,-0.0970381771842754,Nippon India Large Cap Fund - Direct Plan Growth Plan - Growth Option,True,Equity Scheme - Large Cap Fund,0.10725469887256622
118632,2,0.1755395218132419,-0.1513793821376392,0.5259195319927055,0.1535391156347325,-0.0108624740371531,Nippon India Large Cap Fund - Direct Plan Growth Plan - Growth Option,True,Equity Scheme - Large Cap Fund,0.10725469887256622
118632,3,0.1667282810119124,-0.0591094392083745,0.3546283317279366,0.1535391156347325,0.0294966395307011,Nippon India Large Cap Fund - Direct Plan Growth Plan - Growth Option,True,Equity Scheme - Large Cap Fund,0.10725469887256622
118632,4,0.1641705726329242,0.0092182693657361,0.3787272078938515,0.1535391156347325,0.0566766761259856,Nippon India Large Cap Fund - Direct Plan Growth Plan - Growth Option,True,Equity Scheme - Large Cap Fund,0.10725469887256622
118632,5,0.1603475509443682,-0.0093908311316859,0.319197814338207,0.1535391156347325,0.063749630647716,Nippon India Large Cap Fund - Direct Plan Growth Plan - Growth Option,True,Equity Scheme - Large Cap Fund,0.10725469887256622
118632,6,0.1535456911595918,0.056845230722667,0.2597790490499492,0.1535391156347325,0.0810178048157826,Nippon India Large Cap Fund - Direct Plan Growth Plan - Growth Option,True,Equity Scheme - Large Cap Fund,0.10725469887256622
118632,7,0.148999662132051,0.0822218289522782,0.1871010932943568,0.1535391156347325,0.100192182820766,Nippon India Large Cap Fund - Direct Plan Growth Plan - Growth Option,True,Equity Scheme - Large Cap Fund,0.10725469887256622
118632,8,0.1566685975943537,0.1084060439280552,0.1984440084299081,0.1535391156347325,0.1047559926647103,Nippon India Large Cap Fund - Direct Plan Growth Plan - Growth Option,True,Equity Scheme - Large Cap Fund,0.10725469887256622
118632,9,0.1602867710538489,0.1317553988944464,0.189094281173197,0.1535391156347325,0.1133639788804442,Nippon India Large Cap Fund - Direct Plan Growth Plan - Growth Option,True,Equity Scheme - Large Cap Fund,0.10725469887256622
118632,10,0.1634059590381139,0.1288501151501153,0.1921356572872272,0.1535391156347325,0.1177696610441443,Nippon India Large Cap Fund - Direct Plan Growth Plan - Growth Option,True,Equity Scheme - Large Cap Fund,0.10725469887256622
118633,1,0.1916099860699499,-0.3583586990219386,0.8733251825882038,0.1533318217516996,-0.0970381771842754,Nippon India Large Cap Fund - Direct Plan Growth Plan - Bonus Option,True,Equity Scheme - Large Cap Fund,0.10725469887256622
118633,2,0.1755052490856463,-0.1513793821376392,0.5259195319927055,0.1533318217516996,-0.0108624740371531,Nippon India Large Cap Fund - Direct Plan Growth Plan - Bonus Option,True,Equity Scheme - Large Cap Fund,0.10725469887256622
118633,3,0.1667267857096525,-0.0591094392083745,0.3546283317279366,0.1533318217516996,0.0294966395307011,Nippon India Large Cap Fund - Direct Plan Growth Plan - Bonus Option,True,Equity Scheme - Large Cap Fund,0.10725469887256622
118633,4,0.1641809508449448,0.0092182693657361,0.3787272078938515,0.1533318217516996,0.0566766761259856,Nippon India Large Cap Fund - Direct Plan Growth Plan - Bonus Option,True,Equity Scheme - Large Cap Fund,0.10725469887256622
118633,5,0.1603355056345331,-0.0093908311316859,0.319197814338207,0.1533318217516996,0.063749630647716,Nippon India Large Cap Fund - Direct Plan Growth Plan - Bonus Option,True,Equity Scheme - Large Cap Fund,0.10725469887256622
118633,6,0.1535452775886594,0.056845230722667,0.2597790490499492,0.1533318217516996,0.0810178048157826,Nippon India Large Cap Fund - Direct Plan Growth Plan - Bonus Option,True,Equity Scheme - Large Cap Fund,0.10725469887256622
118633,7,0.1490010197740521,0.0822183940509877,0.1871010932943568,0.1533318217516996,0.100192182820766,Nippon India Large Cap Fund - Direct Plan Growth Plan - Bonus Option,True,Equity Scheme - Large Cap Fund,0.10725469887256622
118633,8,0.1566836462183857,0.1084060439280552,0.1984440084299081,0.1533318217516996,0.1047559926647103,Nippon India Large Cap Fund - Direct Plan Growth Plan - Bonus Option,True,Equity Scheme - Large Cap Fund,0.10725469887256622
118633,9,0.1602905597375392,0.1317553988944464,0.189094281173197,0.1533318217516996,0.1133639788804442,Nippon India Large Cap Fund - Direct Plan Growth Plan - Bonus Option,True,Equity Scheme - Large Cap Fund,0.10725469887256622
118633,10,0.1634194985226958,0.1288501151501153,0.1921356572872272,0.1533318217516996,0.1177696610441443,Nippon India Large Cap Fund - Direct Plan Growth Plan - Bonus Option,True,Equity Scheme - Large Cap Fund,0.10725469887256622
118665,1,0.2288780619778499,-0.2806670004023842,0.9643895670861524,0.1843815174006595,-0.1368394030550906,Nippon India Growth Mid Cap Fund - Direct Plan Growth Plan - Bonus Option,True,Equity Scheme - Mid Cap Fund,0.10048952102661132
118665,2,0.2113247857790136,-0.1446557067748453,0.6099001441242657,0.1843815174006595,-0.0597474794448412,Nippon India Growth Mid Cap Fund - Direct Plan Growth Plan - Bonus Option,True,Equity Scheme - Mid Cap Fund,0.10048952102661132
118665,3,0.2009735722026333,-0.0554815685419178,0.3875760533685033,0.1843815174006595,-0.0050825847843592,Nippon India Growth Mid Cap Fund - Direct Plan Growth Plan - Bonus Option,True,Equity Scheme - Mid Cap Fund,0.10048952102661132
118665,4,0.196482413025501,0.0322038966952922,0.4413137293888587,0.1843815174006595,0.0327162789334244,Nippon India Growth Mid Cap Fund - Direct Plan Growth Plan - Bonus Option,True,Equity Scheme - Mid Cap Fund,0.10048952102661132
118665,5,0.192729761004024,0.0077544296311335,0.3708036339157259,0.1843815174006595,0.0510440347299109,Nippon India Growth Mid Cap Fund - Direct Plan Growth Plan - Bonus Option,True,Equity Scheme - Mid Cap Fund,0.10048952102661132
118665,6,0.1865836695001309,0.0674779854373022,0.3208001651247838,0.1843815174006595,0.074210730876995,Nippon India Growth Mid Cap Fund - Direct Plan Growth Plan - Bonus Option,True,Equity Scheme - Mid Cap Fund,0.10048952102661132
118665,7,0.1825405330422552,0.0942364849021621,0.2441865340221902,0.1843815174006595,0.0955627814668841,Nippon India Growth Mid Cap Fund - Direct Plan Growth Plan - Bonus Option,True,Equity Scheme - Mid Cap Fund,0.10048952102661132
118665,8,0.1883106258695348,0.131600630000791,0.2342781371068674,0.1843815174006595,0.100260024369324,Nippon India Growth Mid Cap Fund - Direct Plan Growth Plan - Bonus Option,True,Equity Scheme - Mid Cap Fund,0.10048952102661132
118665,9,0.1912245226224339,0.1605424152506198,0.2174764754634039,0.1843815174006595,0.1042552699808705,Nippon India Growth Mid Cap Fund - Direct Plan Growth Plan - Bonus Option,True,Equity Scheme - Mid Cap Fund,0.10048952102661132
118665,10,0.1951495649599117,0.160015254342007,0.2255344579073301,0.1843815174006595,0.108691501917072,Nippon India Growth Mid Cap Fund - Direct Plan Growth Plan - Bonus Option,True,Equity Scheme - Mid Cap Fund,0.10048952102661132
118666,1,0.1387928028893399,-0.3873806441710899,0.8689736860896085,0.0973371506551858,-0.1368394030550906,NIPPON INDIA GROWTH MID CAP FUND - DIRECT Plan - IDCW Option,True,Equity Scheme - Mid Cap Fund,0.10048952102661132
118666,2,0.1208017942568157,-0.2422549202659314,0.5373486511946168,0.0973371506551858,-0.0597474794448412,NIPPON INDIA GROWTH MID CAP FUND - DIRECT Plan - IDCW Option,True,Equity Scheme - Mid Cap Fund,0.10048952102661132
118666,3,0.1102254979613875,-0.159585980612021,0.3253822237264896,0.0973371506551858,-0.0050825847843592,NIPPON INDIA GROWTH MID CAP FUND - DIRECT Plan - IDCW Option,True,Equity Scheme - Mid Cap Fund,0.10048952102661132
118666,4,0.1044629932411946,-0.0754749753783253,0.3715284894421256,0.0973371506551858,0.0327162789334244,NIPPON INDIA GROWTH MID CAP FUND - DIRECT Plan - IDCW Option,True,Equity Scheme - Mid Cap Fund,0.10048952102661132
118666,5,0.0990222040955248,-0.0927441716016256,0.2975983100123929,0.0973371506551858,0.0510440347299109,NIPPON INDIA GROWTH MID CAP FUND - DIRECT Plan - IDCW Option,True,Equity Scheme - Mid Cap Fund,0.10048952102661132
118666,6,0.0912042107845821,-0.0349588228549706,0.2459706051794294,0.0973371506551858,0.074210730876995,NIPPON INDIA GROWTH MID CAP FUND - DIRECT Plan - IDCW Option,True,Equity Scheme - Mid Cap Fund,0.10048952102661132
118666,7,0.0865530736670641,-0.0074819631735995,0.155615958540187,0.0973371506551858,0.0955627814668841,NIPPON INDIA GROWTH MID CAP FUND - DIRECT Plan - IDCW Option,True,Equity Scheme - Mid Cap Fund,0.10048952102661132
118666,8,0.0931041440012625,0.0371902101375036,0.1394787026176072,0.0973371506551858,0.100260024369324,NIPPON INDIA GROWTH MID CAP FUND - DIRECT Plan - IDCW Option,True,Equity Scheme - Mid Cap Fund,0.10048952102661132
118666,9,0.0975321964520553,0.0684823747393716,0.1233904404600427,0.0973371506551858,0.1042552699808705,NIPPON INDIA GROWTH MID CAP FUND - DIRECT Plan - IDCW Option,True,Equity Scheme - Mid Cap Fund,0.10048952102661132
118666,10,0.1025577764582299,0.0703504292536612,0.1290052107475459,0.0973371506551858,0.108691501917072,NIPPON INDIA GROWTH MID CAP FUND - DIRECT Plan - IDCW Option,True,Equity Scheme - Mid Cap Fund,0.10048952102661132
118777,1,0.3141993054247338,-0.3551104043399448,1.5186469568699406,0.2415662618993652,-0.2010820103454381,Nippon India Small Cap Fund - Direct Plan Growth Plan - Bonus Option,True,Equity Scheme - Small Cap Fund,0.12349471151828766
118777,2,0.2763735121664722,-0.2296594328341511,0.8468018809490947,0.2415662618993652,-0.1139378618665019,Nippon India Small Cap Fund - Direct Plan Growth Plan - Bonus Option,True,Equity Scheme - Small Cap Fund,0.12349471151828766
118777,3,0.2592096011020526,-0.0831497239649221,0.5451090177527826,0.2415662618993652,-0.0462123154655717,Nippon India Small Cap Fund - Direct Plan Growth Plan - Bonus Option,True,Equity Scheme - Small Cap Fund,0.12349471151828766
118777,4,0.2528624952865742,0.0210394392677555,0.548982901156176,0.2415662618993652,0.0115891311982411,Nippon India Small Cap Fund - Direct Plan Growth Plan - Bonus Option,True,Equity Scheme - Small Cap Fund,0.12349471151828766
118777,5,0.2455195054121119,0.0234376269059606,0.449801544659717,0.2415662618993652,0.0381479574806868,Nippon India Small Cap Fund - Direct Plan Growth Plan - Bonus Option,True,Equity Scheme - Small Cap Fund,0.12349471151828766
118777,6,0.2334456393796423,0.1114773520994949,0.3589101244124499,0.2415662618993652,0.0703254372834986,Nippon India Small Cap Fund - Direct Plan Growth Plan - Bonus Option,True,Equity Scheme - Small Cap Fund,0.12349471151828766
118777,7,0.227594726365773,0.1648948011001469,0.2699613724007363,0.2415662618993652,0.1098365105353562,Nippon India Small Cap Fund - Direct Plan Growth Plan - Bonus Option,True,Equity Scheme - Small Cap Fund,0.12349471151828766
118777,8,0.2376806699287837,0.1646106864665169,0.3321278752831293,0.2415662618993652,0.1134003677799442,Nippon India Small Cap Fund - Direct Plan Growth Plan - Bonus Option,True,Equity Scheme - Small Cap Fund,0.12349471151828766
118777,9,0.2443700891930754,0.1848871465368839,0.3127382073144864,0.2415662618993652,0.1395360504435299,Nippon India Small Cap Fund - Direct Plan Growth Plan - Bonus Option,True,Equity Scheme - Small Cap Fund,0.12349471151828766
118777,10,0.2498058817990461,0.1969287844514398,0.3182366011865463,0.2415662618993652,0.1458943703215551,Nippon India Small Cap Fund - Direct Plan Growth Plan - Bonus Option,True,Equity Scheme - Small Cap Fund,0.12349471151828766
118794,1,0.1496433241179106,-0.3950698355796792,0.7636870049874236,0.1215981774786445,-0.0764692673574108,Nippon India Aggressive Hybrid Fund  - Direct Plan Growth Plan,True,Hybrid Scheme - Aggressive Hybrid Fund,0.1689651702579699
118794,2,0.1356455289999793,-0.2117758037543435,0.4317368783276103,0.1215981774786445,-0.0136270529855826,Nippon India Aggressive Hybrid Fund  - Direct Plan Growth Plan,True,Hybrid Scheme - Aggressive Hybrid Fund,0.1689651702579699
118794,3,0.1264542015410276,-0.1069039283058926,0.2881541215245555,0.1215981774786445,0.0232566088118111,Nippon India Aggressive Hybrid Fund  - Direct Plan Growth Plan,True,Hybrid Scheme - Aggressive Hybrid Fund,0.1689651702579699
118794,4,0.120852802069125,-0.0340705976232785,0.2994948984246124,0.1215981774786445,0.050092046621311,Nippon India Aggressive Hybrid Fund  - Direct Plan Growth Plan,True,Hybrid Scheme - Aggressive Hybrid Fund,0.1689651702579699
118794,5,0.1146463540535766,-0.0249462655391552,0.257351744820502,0.1215981774786445,0.0576633703629132,Nippon India Aggressive Hybrid Fund  - Direct Plan Growth Plan,True,Hybrid Scheme - Aggressive Hybrid Fund,0.1689651702579699
118794,6,0.1063506826133392,0.0361894516974521,0.2140594289174462,0.1215981774786445,0.0748715611075581,Nippon India Aggressive Hybrid Fund  - Direct Plan Growth Plan,True,Hybrid Scheme - Aggressive Hybrid Fund,0.1689651702579699
118794,7,0.1019556911609541,0.0579093264429251,0.1327346783697982,0.1215981774786445,0.0936024914822738,Nippon India Aggressive Hybrid Fund  - Direct Plan Growth Plan,True,Hybrid Scheme - Aggressive Hybrid Fund,0.1689651702579699
118794,8,0.1100313704704384,0.078201823295354,0.1559988887100039,0.1215981774786445,0.0979723004778965,Nippon India Aggressive Hybrid Fund  - Direct Plan Growth Plan,True,Hybrid Scheme - Aggressive Hybrid Fund,0.1689651702579699
118794,9,0.1158135578570902,0.0919453055474919,0.1451014567787032,0.1215981774786445,0.1015333857244824,Nippon India Aggressive Hybrid Fund  - Direct Plan Growth Plan,True,Hybrid Scheme - Aggressive Hybrid Fund,0.1689651702579699
118794,10,0.1212514378774796,0.0963446547535842,0.1478859427234202,0.1215981774786445,0.1036159481426642,Nippon India Aggressive Hybrid Fund  - Direct Plan Growth Plan,True,Hybrid Scheme - Aggressive Hybrid Fund,0.1689651702579699
118796,1,0.0813183775788232,0.0281896691755474,0.1275022508686711,0.0807513826573349,0.0431882791318604,Nippon India Short Duration Fund - Direct Plan Growth Plan - Growth Option,True,Debt Scheme - Short Duration Fund,0.08182677295472887
118796,2,0.0807354812744395,0.0456482459367868,0.1177094331341779,0.0807513826573349,0.0399811069575796,Nippon India Short Duration Fund - Direct Plan Growth Plan - Growth Option,True,Debt Scheme - Short Duration Fund,0.08182677295472887
118796,3,0.0793885976995053,0.0543439543160166,0.1116751629149472,0.0807513826573349,0.0410642494703923,Nippon India Short Duration Fund - Direct Plan Growth Plan - Growth Option,True,Debt Scheme - Short Duration Fund,0.08182677295472887
118796,4,0.0782984383000466,0.0615405792624339,0.1055614151186772,0.0807513826573349,0.0535245764788677,Nippon India Short Duration Fund - Direct Plan Growth Plan - Growth Option,True,Debt Scheme - Short Duration Fund,0.08182677295472887
118796,5,0.0780216674851128,0.0652412847240713,0.0929048070713591,0.0807513826573349,0.0554259336020504,Nippon India Short Duration Fund - Direct Plan Growth Plan - Growth Option,True,Debt Scheme - Short Duration Fund,0.08182677295472887
118796,6,0.0789243558664081,0.0677646141472252,0.0939720174290439,0.0807513826573349,0.060809209304844,Nippon India Short Duration Fund - Direct Plan Growth Plan - Growth Option,True,Debt Scheme - Short Duration Fund,0.08182677295472887
118796,7,0.079195777051589,0.0687726928641483,0.0952197514350206,0.0807513826573349,0.062597391004215,Nippon India Short Duration Fund - Direct Plan Growth Plan - Growth Option,True,Debt Scheme - Short Duration Fund,0.08182677295472887
118796,8,0.0784073440910131,0.0710693454144675,0.092051799473614,0.0807513826573349,0.0657365840331723,Nippon India Short Duration Fund - Direct Plan Growth Plan - Growth Option,True,Debt Scheme - Short Duration Fund,0.08182677295472887
118796,9,0.0780088908914721,0.0724094981391982,0.0859088073768834,0.0807513826573349,0.0670093219360206,Nippon India Short Duration Fund - Direct Plan Growth Plan - Growth Option,True,Debt Scheme - Short Duration Fund,0.08182677295472887
118796,10,0.0788921975252243,0.0744076852189195,0.0838358637049645,0.0807513826573349,0.0696367433718457,Nippon India Short Duration Fund - Direct Plan Growth Plan - Growth Option,True,Debt Scheme - Short Duration Fund,0.08182677295472887
118807,1,0.0796269763489414,0.033645197492591,0.1111940260573929,0.0793578280175206,0.0412947071126767,Nippon India Corporate Bond Fund - Direct Plan Growth Plan - Bonus,True,Debt Scheme - Corporate Bond Fund,-0.15554133685011612
118807,2,0.079183096353809,0.0480593264843656,0.1035918924668919,0.0793578280175206,0.0429042232798693,Nippon India Corporate Bond Fund - Direct Plan Growth Plan - Bonus,True,Debt Scheme - Corporate Bond Fund,-0.15554133685011612
118807,3,0.0781419994136156,0.0562543456479751,0.1002980137105826,0.0793578280175206,0.0500218756307621,Nippon India Corporate Bond Fund - Direct Plan Growth Plan - Bonus,True,Debt Scheme - Corporate Bond Fund,-0.15554133685011612
118807,4,0.0771817481396841,0.0645831143414434,0.0965231409292286,0.0793578280175206,0.0569476344762157,Nippon India Corporate Bond Fund - Direct Plan Growth Plan - Bonus,True,Debt Scheme - Corporate Bond Fund,-0.15554133685011612
118807,5,0.0768724867209566,0.0660770594924544,0.0898195965462269,0.0793578280175206,0.0603407427050367,Nippon India Corporate Bond Fund - Direct Plan Growth Plan - Bonus,True,Debt Scheme - Corporate Bond Fund,-0.15554133685011612
118807,6,0.0773521650423974,0.0689686048913305,0.0889724159259532,0.0793578280175206,0.0658510360884418,Nippon India Corporate Bond Fund - Direct Plan Growth Plan - Bonus,True,Debt Scheme - Corporate Bond Fund,-0.15554133685011612
118807,7,0.0774202626702458,0.0700496506000223,0.0892123680672387,0.0793578280175206,0.0674033093863015,Nippon India Corporate Bond Fund - Direct Plan Growth Plan - Bonus,True,Debt Scheme - Corporate Bond Fund,-0.15554133685011612
118807,8,0.0770630821792767,0.0719828489676814,0.087183944019116,0.0793578280175206,0.0692831725754453,Nippon India Corporate Bond Fund - Direct Plan Growth Plan - Bonus,True,Debt Scheme - Corporate Bond Fund,-0.15554133685011612
118807,9,0.0768937685720309,0.0717566095660955,0.0830764881359786,0.0793578280175206,0.0700321245957048,Nippon India Corporate Bond Fund - Direct Plan Growth Plan - Bonus,True,Debt Scheme - Corporate Bond Fund,-0.15554133685011612
118807,10,0.0777230610746197,0.0736057374406866,0.0806389319853053,0.0793578280175206,0.071855548969766,Nippon India Corporate Bond Fund - Direct Plan Growth Plan - Bonus,True,Debt Scheme - Corporate Bond Fund,-0.15554133685011612
118814,1,0.0796278499480349,0.0336466181751871,0.1111996751543713,0.0792514898901257,0.0412947071126767,Nippon India Corporate Bond Fund - Direct Plan Growth Plan - Growth Option,True,Debt Scheme - Corporate Bond Fund,-0.15554133685011612
118814,2,0.0792021182933691,0.048062137661835,0.1035915923734083,0.0792514898901257,0.0429042232798693,Nippon India Corporate Bond Fund - Direct Plan Growth Plan - Growth Option,True,Debt Scheme - Corporate Bond Fund,-0.15554133685011612
118814,3,0.0781669599190839,0.0562526143050174,0.100297647576097,0.0792514898901257,0.0500218756307621,Nippon India Corporate Bond Fund - Direct Plan Growth Plan - Growth Option,True,Debt Scheme - Corporate Bond Fund,-0.15554133685011612
118814,4,0.0772177892851952,0.0645827110797445,0.0965222497338802,0.0792514898901257,0.0569476344762157,Nippon India Corporate Bond Fund - Direct Plan Growth Plan - Growth Option,True,Debt Scheme - Corporate Bond Fund,-0.15554133685011612
118814,5,0.0769010025187019,0.0660800185099836,0.089819782948658,0.0792514898901257,0.0603407427050367,Nippon India Corporate Bond Fund - Direct Plan Growth Plan - Growth Option,True,Debt Scheme - Corporate Bond Fund,-0.15554133685011612
118814,6,0.0773751968967028,0.0689712342929753,0.0889728438715578,0.0792514898901257,0.0658510360884418,Nippon India Corporate Bond Fund - Direct Plan Growth Plan - Growth Option,True,Debt Scheme - Corporate Bond Fund,-0.15554133685011612
118814,7,0.0774451008262177,0.0700470137268209,0.0892102474126708,0.0792514898901257,0.0674033093863015,Nippon India Corporate Bond Fund - Direct Plan Growth Plan - Growth Option,True,Debt Scheme - Corporate Bond Fund,-0.15554133685011612
118814,8,0.0771026641660215,0.071982227782299,0.0872062715462005,0.0792514898901257,0.0692831725754453,Nippon India Corporate Bond Fund - Direct Plan Growth Plan - Growth Option,True,Debt Scheme - Corporate Bond Fund,-0.15554133685011612
118814,9,0.076921309386048,0.0717562057800029,0.083047100527297,0.0792514898901257,0.0700321245957048,Nippon India Corporate Bond Fund - Direct Plan Growth Plan - Growth Option,True,Debt Scheme - Corporate Bond Fund,-0.15554133685011612
118814,10,0.0777288545787394,0.0736055327729936,0.0806376689849288,0.0792514898901257,0.071855548969766,Nippon India Corporate Bond Fund - Direct Plan Growth Plan - Growth Option,True,Debt Scheme - Corporate Bond Fund,-0.15554133685011612
118872,1,0.2035657985472418,-0.2422368336481419,0.9538545797694732,0.1568341335718335,-0.1368394030550906,Taurus Mid Cap Fund - Direct Plan - Growth,True,Equity Scheme - Mid Cap Fund,0.10048952102661132
118872,2,0.1866385789913089,-0.145326553422094,0.5785793978548968,0.1568341335718335,-0.0597474794448412,Taurus Mid Cap Fund - Direct Plan - Growth,True,Equity Scheme - Mid Cap Fund,0.10048952102661132
118872,3,0.1771072938605827,-0.0382507548702127,0.3955688569854709,0.1568341335718335,-0.0050825847843592,Taurus Mid Cap Fund - Direct Plan - Growth,True,Equity Scheme - Mid Cap Fund,0.10048952102661132
118872,4,0.1736266396717072,0.0378205850889754,0.3610577562747883,0.1568341335718335,0.0327162789334244,Taurus Mid Cap Fund - Direct Plan - Growth,True,Equity Scheme - Mid Cap Fund,0.10048952102661132
118872,5,0.1699377496981689,0.0165205333704894,0.2973979988467767,0.1568341335718335,0.0510440347299109,Taurus Mid Cap Fund - Direct Plan - Growth,True,Equity Scheme - Mid Cap Fund,0.10048952102661132
118872,6,0.1645654126283327,0.1010915951464992,0.2256380146628835,0.1568341335718335,0.074210730876995,Taurus Mid Cap Fund - Direct Plan - Growth,True,Equity Scheme - Mid Cap Fund,0.10048952102661132
118872,7,0.1620364088068706,0.1115397790944543,0.2110266371961486,0.1568341335718335,0.0955627814668841,Taurus Mid Cap Fund - Direct Plan - Growth,True,Equity Scheme - Mid Cap Fund,0.10048952102661132
118872,8,0.1668372559701487,0.1139813511725196,0.2426941988130222,0.1568341335718335,0.100260024369324,Taurus Mid Cap Fund - Direct Plan - Growth,True,Equity Scheme - Mid Cap Fund,0.10048952102661132
118872,9,0.1694694775819729,0.1242518709286726,0.2192965310051045,0.1568341335718335,0.1042552699808705,Taurus Mid Cap Fund - Direct Plan - Growth,True,Equity Scheme - Mid Cap Fund,0.10048952102661132
118872,10,0.1735665064395683,0.1282359063386133,0.229027239676941,0.1568341335718335,0.108691501917072,Taurus Mid Cap Fund - Direct Plan - Growth,True,Equity Scheme - Mid Cap Fund,0.10048952102661132
118987,1,0.0808464163827384,0.0179894518301542,0.1327582206719622,0.0799527666870505,0.0412947071126767,HDFC Corporate Bond Fund - Growth Option - Direct Plan,True,Debt Scheme - Corporate Bond Fund,-0.15554133685011612
118987,2,0.0808774736573138,0.0380429561410018,0.1180144325304959,0.0799527666870505,0.0429042232798693,HDFC Corporate Bond Fund - Growth Option - Direct Plan,True,Debt Scheme - Corporate Bond Fund,-0.15554133685011612
118987,3,0.0799236959269782,0.050127300286735,0.1120560077040853,0.0799527666870505,0.0500218756307621,HDFC Corporate Bond Fund - Growth Option - Direct Plan,True,Debt Scheme - Corporate Bond Fund,-0.15554133685011612
118987,4,0.0790578140591568,0.0579455621277245,0.1065014975741607,0.0799527666870505,0.0569476344762157,HDFC Corporate Bond Fund - Growth Option - Direct Plan,True,Debt Scheme - Corporate Bond Fund,-0.15554133685011612
118987,5,0.0789699042420801,0.0606442772028954,0.0940786170783898,0.0799527666870505,0.0603407427050367,HDFC Corporate Bond Fund - Growth Option - Direct Plan,True,Debt Scheme - Corporate Bond Fund,-0.15554133685011612
118987,6,0.0802230855417146,0.0632792138006543,0.0965387549549356,0.0799527666870505,0.0658510360884418,HDFC Corporate Bond Fund - Growth Option - Direct Plan,True,Debt Scheme - Corporate Bond Fund,-0.15554133685011612
118987,7,0.0805454263300997,0.070347652855796,0.0989174671222472,0.0799527666870505,0.0674033093863015,HDFC Corporate Bond Fund - Growth Option - Direct Plan,True,Debt Scheme - Corporate Bond Fund,-0.15554133685011612
118987,8,0.0795212219000761,0.072397722838047,0.0941903924209355,0.0799527666870505,0.0692831725754453,HDFC Corporate Bond Fund - Growth Option - Direct Plan,True,Debt Scheme - Corporate Bond Fund,-0.15554133685011612
118987,9,0.0788279200160195,0.0717856368320235,0.0868251504676091,0.0799527666870505,0.0700321245957048,HDFC Corporate Bond Fund - Growth Option - Direct Plan,True,Debt Scheme - Corporate Bond Fund,-0.15554133685011612
118987,10,0.0795495255556981,0.0741006007950593,0.0852321335783437,0.0799527666870505,0.071855548969766,HDFC Corporate Bond Fund - Growth Option - Direct Plan,True,Debt Scheme - Corporate Bond Fund,-0.15554133685011612
118989,1,0.248574587375053,-0.3292212265170764,1.026780499614815,0.2042597788101943,-0.1368394030550906,HDFC Mid Cap Fund - Growth Option - Direct Plan,True,Equity Scheme - Mid Cap Fund,0.10048952102661132
118989,2,0.2255689364709535,-0.1847630942318855,0.5985693974201283,0.2042597788101943,-0.0597474794448412,HDFC Mid Cap Fund - Growth Option - Direct Plan,True,Equity Scheme - Mid Cap Fund,0.10048952102661132
118989,3,0.2119967891701511,-0.0836098888266465,0.4397446520214889,0.2042597788101943,-0.0050825847843592,HDFC Mid Cap Fund - Growth Option - Direct Plan,True,Equity Scheme - Mid Cap Fund,0.10048952102661132
118989,4,0.2039142087671847,0.0136645696897428,0.4502659356187364,0.2042597788101943,0.0327162789334244,HDFC Mid Cap Fund - Growth Option - Direct Plan,True,Equity Scheme - Mid Cap Fund,0.10048952102661132
118989,5,0.1957744297293066,0.0078596706636848,0.3783443516114653,0.2042597788101943,0.0510440347299109,HDFC Mid Cap Fund - Growth Option - Direct Plan,True,Equity Scheme - Mid Cap Fund,0.10048952102661132
118989,6,0.18688285140435,0.086639364559975,0.3178086533979174,0.2042597788101943,0.074210730876995,HDFC Mid Cap Fund - Growth Option - Direct Plan,True,Equity Scheme - Mid Cap Fund,0.10048952102661132
118989,7,0.1821044170530061,0.1237069069206022,0.2346231398773488,0.2042597788101943,0.0955627814668841,HDFC Mid Cap Fund - Growth Option - Direct Plan,True,Equity Scheme - Mid Cap Fund,0.10048952102661132
118989,8,0.1897439193595151,0.1367777519474275,0.2522894103110666,0.2042597788101943,0.100260024369324,HDFC Mid Cap Fund - Growth Option - Direct Plan,True,Equity Scheme - Mid Cap Fund,0.10048952102661132
118989,9,0.1956403998722673,0.162433132678071,0.2374521779990119,0.2042597788101943,0.1042552699808705,HDFC Mid Cap Fund - Growth Option - Direct Plan,True,Equity Scheme - Mid Cap Fund,0.10048952102661132
118989,10,0.2037377122095897,0.1656376510578474,0.2456037419995658,0.2042597788101943,0.108691501917072,HDFC Mid Cap Fund - Growth Option - Direct Plan,True,Equity Scheme - Mid Cap Fund,0.10048952102661132
119016,1,0.0805611049543356,0.0264770965149714,0.1237747692799509,0.0800070529673819,0.0431882791318604,HDFC Short Term  Debt Fund - Growth Option - Direct Plan,True,Debt Scheme - Short Duration Fund,0.08182677295472887
119016,2,0.0800575165144121,0.0412273096283448,0.1124723320632725,0.0800070529673819,0.0399811069575796,HDFC Short Term  Debt Fund - Growth Option - Direct Plan,True,Debt Scheme - Short Duration Fund,0.08182677295472887
119016,3,0.0789737247157939,0.051973603055706,0.1055238113989109,0.0800070529673819,0.0410642494703923,HDFC Short Term  Debt Fund - Growth Option - Direct Plan,True,Debt Scheme - Short Duration Fund,0.08182677295472887
119016,4,0.0781255451164415,0.059897257771571,0.0997811696192756,0.0800070529673819,0.0535245764788677,HDFC Short Term  Debt Fund - Growth Option - Direct Plan,True,Debt Scheme - Short Duration Fund,0.08182677295472887
119016,5,0.0781102621910143,0.0641374064437592,0.0912459645985948,0.0800070529673819,0.0554259336020504,HDFC Short Term  Debt Fund - Growth Option - Direct Plan,True,Debt Scheme - Short Duration Fund,0.08182677295472887
119016,6,0.0791695995954147,0.0658837386227224,0.091942387572639,0.0800070529673819,0.060809209304844,HDFC Short Term  Debt Fund - Growth Option - Direct Plan,True,Debt Scheme - Short Duration Fund,0.08182677295472887
119016,7,0.0794390197210051,0.0715441322006777,0.0950872968770863,0.0800070529673819,0.062597391004215,HDFC Short Term  Debt Fund - Growth Option - Direct Plan,True,Debt Scheme - Short Duration Fund,0.08182677295472887
119016,8,0.0785993410942334,0.0734608255500168,0.0909273141255841,0.0800070529673819,0.0657365840331723,HDFC Short Term  Debt Fund - Growth Option - Direct Plan,True,Debt Scheme - Short Duration Fund,0.08182677295472887
119016,9,0.0779510443453465,0.073053865661212,0.0851941772527584,0.0800070529673819,0.0670093219360206,HDFC Short Term  Debt Fund - Growth Option - Direct Plan,True,Debt Scheme - Short Duration Fund,0.08182677295472887
119016,10,0.0785527700076617,0.0744467025982182,0.0830091553025365,0.0800070529673819,0.0696367433718457,HDFC Short Term  Debt Fund - Growth Option - Direct Plan,True,Debt Scheme - Short Duration Fund,0.08182677295472887
119018,1,0.1660830809671037,-0.3705030793931857,0.909686498597042,0.1328846156985081,-0.0970381771842754,HDFC Large Cap Fund - Growth Option - Direct Plan,True,Equity Scheme - Large Cap Fund,0.10725469887256622
119018,2,0.1504903501196572,-0.1501475789851695,0.5035817804833667,0.1328846156985081,-0.0108624740371531,HDFC Large Cap Fund - Growth Option - Direct Plan,True,Equity Scheme - Large Cap Fund,0.10725469887256622
119018,3,0.145492810624449,-0.0750912165437285,0.3404442494403239,0.1328846156985081,0.0294966395307011,HDFC Large Cap Fund - Growth Option - Direct Plan,True,Equity Scheme - Large Cap Fund,0.10725469887256622
119018,4,0.1445342515880765,0.0067630258120729,0.3551060499294547,0.1328846156985081,0.0566766761259856,HDFC Large Cap Fund - Growth Option - Direct Plan,True,Equity Scheme - Large Cap Fund,0.10725469887256622
119018,5,0.1414393323866037,-0.0145006860135178,0.2950817097255755,0.1328846156985081,0.063749630647716,HDFC Large Cap Fund - Growth Option - Direct Plan,True,Equity Scheme - Large Cap Fund,0.10725469887256622
119018,6,0.136448018055184,0.033699551771094,0.2342558168282376,0.1328846156985081,0.0810178048157826,HDFC Large Cap Fund - Growth Option - Direct Plan,True,Equity Scheme - Large Cap Fund,0.10725469887256622
119018,7,0.1321399266853533,0.0633086566492633,0.1700619490765753,0.1328846156985081,0.100192182820766,HDFC Large Cap Fund - Growth Option - Direct Plan,True,Equity Scheme - Large Cap Fund,0.10725469887256622
119018,8,0.139039784493986,0.0979355502691299,0.1885203542451494,0.1328846156985081,0.1047559926647103,HDFC Large Cap Fund - Growth Option - Direct Plan,True,Equity Scheme - Large Cap Fund,0.10725469887256622
119018,9,0.1414644277733348,0.1136302609317874,0.1715624572640677,0.1328846156985081,0.1133639788804442,HDFC Large Cap Fund - Growth Option - Direct Plan,True,Equity Scheme - Large Cap Fund,0.10725469887256622
119018,10,0.1439039646998949,0.1153622212329967,0.1708916843274923,0.1328846156985081,0.1177696610441443,HDFC Large Cap Fund - Growth Option - Direct Plan,True,Equity Scheme - Large Cap Fund,0.10725469887256622
119019,1,0.1611130570742313,-0.1615318667880214,0.6546006805015894,0.1339046288253798,-0.0764692673574108,DSP Aggressive Hybrid Fund - Direct Plan - Growth,True,Hybrid Scheme - Aggressive Hybrid Fund,0.1689651702579699
119019,2,0.1544120694768048,-0.0577093602299901,0.3651509166810409,0.1339046288253798,-0.0136270529855826,DSP Aggressive Hybrid Fund - Direct Plan - Growth,True,Hybrid Scheme - Aggressive Hybrid Fund,0.1689651702579699
119019,3,0.1473094237930778,-0.0048915275820347,0.2779872898584665,0.1339046288253798,0.0232566088118111,DSP Aggressive Hybrid Fund - Direct Plan - Growth,True,Hybrid Scheme - Aggressive Hybrid Fund,0.1689651702579699
119019,4,0.1440623011850675,0.0517368767442778,0.2492109495089072,0.1339046288253798,0.050092046621311,DSP Aggressive Hybrid Fund - Direct Plan - Growth,True,Hybrid Scheme - Aggressive Hybrid Fund,0.1689651702579699
119019,5,0.1425260668624206,0.0398614358674047,0.2384163969208106,0.1339046288253798,0.0576633703629132,DSP Aggressive Hybrid Fund - Direct Plan - Growth,True,Hybrid Scheme - Aggressive Hybrid Fund,0.1689651702579699
119019,6,0.1408182829668484,0.0976796440355225,0.1899586868410174,0.1339046288253798,0.0748715611075581,DSP Aggressive Hybrid Fund - Direct Plan - Growth,True,Hybrid Scheme - Aggressive Hybrid Fund,0.1689651702579699
119019,7,0.1394322744101615,0.1013363502998618,0.1813108040500619,0.1339046288253798,0.0936024914822738,DSP Aggressive Hybrid Fund - Direct Plan - Growth,True,Hybrid Scheme - Aggressive Hybrid Fund,0.1689651702579699
119019,8,0.1418047622331469,0.1050438068192898,0.194095189943291,0.1339046288253798,0.0979723004778965,DSP Aggressive Hybrid Fund - Direct Plan - Growth,True,Hybrid Scheme - Aggressive Hybrid Fund,0.1689651702579699
119019,9,0.1419990369084984,0.1158511495360778,0.1689816000480257,0.1339046288253798,0.1015333857244824,DSP Aggressive Hybrid Fund - Direct Plan - Growth,True,Hybrid Scheme - Aggressive Hybrid Fund,0.1689651702579699
119019,10,0.1450314346984078,0.1250124585738876,0.1683860406355399,0.1339046288253798,0.1036159481426642,DSP Aggressive Hybrid Fund - Direct Plan - Growth,True,Hybrid Scheme - Aggressive Hybrid Fund,0.1689651702579699
119053,1,0.1481905784053678,-0.2318292760270176,0.6693800528228122,0.1262813481242042,-0.0764692673574108,Tata Aggressive Hybrid Fund -Direct Plan- Growth Option,True,Hybrid Scheme - Aggressive Hybrid Fund,0.1689651702579699
119053,2,0.138332585332963,-0.0999052786987544,0.4038501375917187,0.1262813481242042,-0.0136270529855826,Tata Aggressive Hybrid Fund -Direct Plan- Growth Option,True,Hybrid Scheme - Aggressive Hybrid Fund,0.1689651702579699
119053,3,0.1293306173045071,-0.0451896031487376,0.280869387463494,0.1262813481242042,0.0232566088118111,Tata Aggressive Hybrid Fund -Direct Plan- Growth Option,True,Hybrid Scheme - Aggressive Hybrid Fund,0.1689651702579699
119053,4,0.1263485560209497,0.0049246059448584,0.2626503948076975,0.1262813481242042,0.050092046621311,Tata Aggressive Hybrid Fund -Direct Plan- Growth Option,True,Hybrid Scheme - Aggressive Hybrid Fund,0.1689651702579699
119053,5,0.1240632110220031,-0.0055975439489164,0.2249019421449802,0.1262813481242042,0.0576633703629132,Tata Aggressive Hybrid Fund -Direct Plan- Growth Option,True,Hybrid Scheme - Aggressive Hybrid Fund,0.1689651702579699
119053,6,0.1208554918183264,0.065564444353537,0.1813254389599212,0.1262813481242042,0.0748715611075581,Tata Aggressive Hybrid Fund -Direct Plan- Growth Option,True,Hybrid Scheme - Aggressive Hybrid Fund,0.1689651702579699
119053,7,0.1183186200557036,0.0791107128851325,0.156777820608889,0.1262813481242042,0.0936024914822738,Tata Aggressive Hybrid Fund -Direct Plan- Growth Option,True,Hybrid Scheme - Aggressive Hybrid Fund,0.1689651702579699
119053,8,0.1224234448742266,0.0852937484669782,0.1739717793290032,0.1262813481242042,0.0979723004778965,Tata Aggressive Hybrid Fund -Direct Plan- Growth Option,True,Hybrid Scheme - Aggressive Hybrid Fund,0.1689651702579699
119053,9,0.1238199767815151,0.0962962325048968,0.1598384649074178,0.1262813481242042,0.1015333857244824,Tata Aggressive Hybrid Fund -Direct Plan- Growth Option,True,Hybrid Scheme - Aggressive Hybrid Fund,0.1689651702579699
119053,10,0.1266028227517333,0.0946072204898249,0.1562159091940596,0.1262813481242042,0.1036159481426642,Tata Aggressive Hybrid Fund -Direct Plan- Growth Option,True,Hybrid Scheme - Aggressive Hybrid Fund,0.1689651702579699
119133,1,0.1448411265131516,-0.2978970282657643,0.758443184185019,0.1237699425169529,-0.0970381771842754,Groww Largecap Fund (formerly known as Indiabulls Blue Chip Fund) - Direct Plan - Growth Option,True,Equity Scheme - Large Cap Fund,0.10725469887256622
119133,2,0.1385200388782921,-0.1221313833244839,0.409705403709685,0.1237699425169529,-0.0108624740371531,Groww Largecap Fund (formerly known as Indiabulls Blue Chip Fund) - Direct Plan - Growth Option,True,Equity Scheme - Large Cap Fund,0.10725469887256622
119133,3,0.1345821028280223,-0.0399632326607309,0.2671304002075818,0.1237699425169529,0.0294966395307011,Groww Largecap Fund (formerly known as Indiabulls Blue Chip Fund) - Direct Plan - Growth Option,True,Equity Scheme - Large Cap Fund,0.10725469887256622
119133,4,0.1333566242331831,0.0264946618349486,0.293387167080517,0.1237699425169529,0.0566766761259856,Groww Largecap Fund (formerly known as Indiabulls Blue Chip Fund) - Direct Plan - Growth Option,True,Equity Scheme - Large Cap Fund,0.10725469887256622
119133,5,0.1312680040257456,0.0135740208358157,0.2405244556895667,0.1237699425169529,0.063749630647716,Groww Largecap Fund (formerly known as Indiabulls Blue Chip Fund) - Direct Plan - Growth Option,True,Equity Scheme - Large Cap Fund,0.10725469887256622
119133,6,0.1278028042539666,0.058843158384465,0.1998904365895843,0.1237699425169529,0.0810178048157826,Groww Largecap Fund (formerly known as Indiabulls Blue Chip Fund) - Direct Plan - Growth Option,True,Equity Scheme - Large Cap Fund,0.10725469887256622
119133,7,0.1250363362476475,0.0685163019421588,0.1557105119869011,0.1237699425169529,0.100192182820766,Groww Largecap Fund (formerly known as Indiabulls Blue Chip Fund) - Direct Plan - Growth Option,True,Equity Scheme - Large Cap Fund,0.10725469887256622
119133,8,0.1295352526794742,0.0946561372528631,0.1661799957976564,0.1237699425169529,0.1047559926647103,Groww Largecap Fund (formerly known as Indiabulls Blue Chip Fund) - Direct Plan - Growth Option,True,Equity Scheme - Large Cap Fund,0.10725469887256622
119133,9,0.1313942018254121,0.1066141305938528,0.1530683328200772,0.1237699425169529,0.1133639788804442,Groww Largecap Fund (formerly known as Indiabulls Blue Chip Fund) - Direct Plan - Growth Option,True,Equity Scheme - Large Cap Fund,0.10725469887256622
119133,10,0.1333139339070146,0.1059884151761023,0.1526042569214121,0.1237699425169529,0.1177696610441443,Groww Largecap Fund (formerly known as Indiabulls Blue Chip Fund) - Direct Plan - Growth Option,True,Equity Scheme - Large Cap Fund,0.10725469887256622
119226,1,0.0781567010797015,0.0224065190054996,0.1190686150416724,0.0776090193471283,0.0431882791318604,DSP Short Term Fund - Direct Plan - Growth,True,Debt Scheme - Short Duration Fund,0.08182677295472887
119226,2,0.0775478137927428,0.0341946852007502,0.1116804419720047,0.0776090193471283,0.0399811069575796,DSP Short Term Fund - Direct Plan - Growth,True,Debt Scheme - Short Duration Fund,0.08182677295472887
119226,3,0.0761590584342817,0.0457884836377939,0.1064425532789119,0.0776090193471283,0.0410642494703923,DSP Short Term Fund - Direct Plan - Growth,True,Debt Scheme - Short Duration Fund,0.08182677295472887
119226,4,0.0750068302190511,0.053804455070223,0.1016787551394937,0.0776090193471283,0.0535245764788677,DSP Short Term Fund - Direct Plan - Growth,True,Debt Scheme - Short Duration Fund,0.08182677295472887
119226,5,0.0746816762329451,0.0600185292109129,0.0901315193250364,0.0776090193471283,0.0554259336020504,DSP Short Term Fund - Direct Plan - Growth,True,Debt Scheme - Short Duration Fund,0.08182677295472887
119226,6,0.0756698471798311,0.060445838752184,0.0923178143253882,0.0776090193471283,0.060809209304844,DSP Short Term Fund - Direct Plan - Growth,True,Debt Scheme - Short Duration Fund,0.08182677295472887
119226,7,0.0759798339808432,0.0655636288975189,0.0940576130376324,0.0776090193471283,0.062597391004215,DSP Short Term Fund - Direct Plan - Growth,True,Debt Scheme - Short Duration Fund,0.08182677295472887
119226,8,0.0751001900799344,0.0680183204066371,0.0892790206968119,0.0776090193471283,0.0657365840331723,DSP Short Term Fund - Direct Plan - Growth,True,Debt Scheme - Short Duration Fund,0.08182677295472887
119226,9,0.0746998227316127,0.0686189204149596,0.0830314906817453,0.0776090193471283,0.0670093219360206,DSP Short Term Fund - Direct Plan - Growth,True,Debt Scheme - Short Duration Fund,0.08182677295472887
119226,10,0.0755970822248926,0.0704684646095512,0.080140106073153,0.0776090193471283,0.0696367433718457,DSP Short Term Fund - Direct Plan - Growth,True,Debt Scheme - Short Duration Fund,0.08182677295472887
119250,1,0.1466112504287411,-0.315152469228996,0.8573617774465567,0.1172245436100736,-0.0970381771842754,DSP Large Cap Fund - Direct Plan - Growth,True,Equity Scheme - Large Cap Fund,0.10725469887256622
119250,2,0.135919856864079,-0.1492111562177216,0.4258327822417549,0.1172245436100736,-0.0108624740371531,DSP Large Cap Fund - Direct Plan - Growth,True,Equity Scheme - Large Cap Fund,0.10725469887256622
119250,3,0.1286998372447665,-0.0746882256897845,0.2813640904158312,0.1172245436100736,0.0294966395307011,DSP Large Cap Fund - Direct Plan - Growth,True,Equity Scheme - Large Cap Fund,0.10725469887256622
119250,4,0.1255855159491912,-0.0065273688720171,0.3036325794120023,0.1172245436100736,0.0566766761259856,DSP Large Cap Fund - Direct Plan - Growth,True,Equity Scheme - Large Cap Fund,0.10725469887256622
119250,5,0.1230067914515995,-0.0252345514691811,0.2795353375278289,0.1172245436100736,0.063749630647716,DSP Large Cap Fund - Direct Plan - Growth,True,Equity Scheme - Large Cap Fund,0.10725469887256622
119250,6,0.1197754846657146,0.0353746159846239,0.2202193174168449,0.1172245436100736,0.0810178048157826,DSP Large Cap Fund - Direct Plan - Growth,True,Equity Scheme - Large Cap Fund,0.10725469887256622
119250,7,0.1172427192747291,0.0497893154009008,0.1622005154942745,0.1172245436100736,0.100192182820766,DSP Large Cap Fund - Direct Plan - Growth,True,Equity Scheme - Large Cap Fund,0.10725469887256622
119250,8,0.1213829558994125,0.0740822942547214,0.1609253549971503,0.1172245436100736,0.1047559926647103,DSP Large Cap Fund - Direct Plan - Growth,True,Equity Scheme - Large Cap Fund,0.10725469887256622
119250,9,0.1226421394287665,0.0960134081102168,0.1509189091111247,0.1172245436100736,0.1133639788804442,DSP Large Cap Fund - Direct Plan - Growth,True,Equity Scheme - Large Cap Fund,0.10725469887256622
119250,10,0.1261191584772429,0.1014997945233937,0.1472674262912554,0.1172245436100736,0.1177696610441443,DSP Large Cap Fund - Direct Plan - Growth,True,Equity Scheme - Large Cap Fund,0.10725469887256622
119498,1,0.0849924949161211,0.0332816540991913,0.1388567935256692,0.0851370562114344,0.0431882791318604,Aditya Birla Sun Life Short Term Fund - Growth - Direct Plan,True,Debt Scheme - Short Duration Fund,0.08182677295472887
119498,2,0.0841409363652066,0.0467160898583747,0.1180778397629178,0.0851370562114344,0.0399811069575796,Aditya Birla Sun Life Short Term Fund - Growth - Direct Plan,True,Debt Scheme - Short Duration Fund,0.08182677295472887
119498,3,0.0829517891339363,0.055464346483075,0.1164823069715974,0.0851370562114344,0.0410642494703923,Aditya Birla Sun Life Short Term Fund - Growth - Direct Plan,True,Debt Scheme - Short Duration Fund,0.08182677295472887
119498,4,0.081908640772444,0.0633286567209776,0.1103226929306673,0.0851370562114344,0.0535245764788677,Aditya Birla Sun Life Short Term Fund - Growth - Direct Plan,True,Debt Scheme - Short Duration Fund,0.08182677295472887
119498,5,0.0815458689842243,0.0666991271352359,0.0995049540369179,0.0851370562114344,0.0554259336020504,Aditya Birla Sun Life Short Term Fund - Growth - Direct Plan,True,Debt Scheme - Short Duration Fund,0.08182677295472887
119498,6,0.0824534331145563,0.0701367598796498,0.097765799608896,0.0851370562114344,0.060809209304844,Aditya Birla Sun Life Short Term Fund - Growth - Direct Plan,True,Debt Scheme - Short Duration Fund,0.08182677295472887
119498,7,0.0825304779378744,0.0706978260598072,0.0982685216363612,0.0851370562114344,0.062597391004215,Aditya Birla Sun Life Short Term Fund - Growth - Direct Plan,True,Debt Scheme - Short Duration Fund,0.08182677295472887
119498,8,0.0819504453894942,0.0727807648164855,0.0975273326761148,0.0851370562114344,0.0657365840331723,Aditya Birla Sun Life Short Term Fund - Growth - Direct Plan,True,Debt Scheme - Short Duration Fund,0.08182677295472887
119498,9,0.0815698070726228,0.074687911994802,0.0915151289981723,0.0851370562114344,0.0670093219360206,Aditya Birla Sun Life Short Term Fund - Growth - Direct Plan,True,Debt Scheme - Short Duration Fund,0.08182677295472887
119498,10,0.0825331867684429,0.0770614887992369,0.0872839067060153,0.0851370562114344,0.0696367433718457,Aditya Birla Sun Life Short Term Fund - Growth - Direct Plan,True,Debt Scheme - Short Duration Fund,0.08182677295472887
119528,1,0.1653062292406772,-0.3329447596131825,0.9350477957390316,0.1375774448574482,-0.0970381771842754,Aditya Birla Sun Life Large Cap Fund - Growth - Direct Plan,True,Equity Scheme - Large Cap Fund,0.10725469887256622
119528,2,0.1527751316260653,-0.1540884418889999,0.5136341448930624,0.1375774448574482,-0.0108624740371531,Aditya Birla Sun Life Large Cap Fund - Growth - Direct Plan,True,Equity Scheme - Large Cap Fund,0.10725469887256622
119528,3,0.1450680263958912,-0.0738307129398799,0.3235231826050533,0.1375774448574482,0.0294966395307011,Aditya Birla Sun Life Large Cap Fund - Growth - Direct Plan,True,Equity Scheme - Large Cap Fund,0.10725469887256622
119528,4,0.1426787918523051,-0.0031109979074714,0.3273267299213316,0.1375774448574482,0.0566766761259856,Aditya Birla Sun Life Large Cap Fund - Growth - Direct Plan,True,Equity Scheme - Large Cap Fund,0.10725469887256622
119528,5,0.1405065386943862,-0.0120852528375076,0.2814437737683901,0.1375774448574482,0.063749630647716,Aditya Birla Sun Life Large Cap Fund - Growth - Direct Plan,True,Equity Scheme - Large Cap Fund,0.10725469887256622
119528,6,0.1363698239811641,0.056254249050319,0.2249709953752869,0.1375774448574482,0.0810178048157826,Aditya Birla Sun Life Large Cap Fund - Growth - Direct Plan,True,Equity Scheme - Large Cap Fund,0.10725469887256622
119528,7,0.1330159224874418,0.0752735762672758,0.1700889100023579,0.1375774448574482,0.100192182820766,Aditya Birla Sun Life Large Cap Fund - Growth - Direct Plan,True,Equity Scheme - Large Cap Fund,0.10725469887256622
119528,8,0.1384432121427421,0.0979260117505071,0.1899978906990589,0.1375774448574482,0.1047559926647103,Aditya Birla Sun Life Large Cap Fund - Growth - Direct Plan,True,Equity Scheme - Large Cap Fund,0.10725469887256622
119528,9,0.1401491896580804,0.1111155323530255,0.1712132444468141,0.1375774448574482,0.1133639788804442,Aditya Birla Sun Life Large Cap Fund - Growth - Direct Plan,True,Equity Scheme - Large Cap Fund,0.10725469887256622
119528,10,0.1425683332889634,0.111865529914424,0.167891553151632,0.1375774448574482,0.1177696610441443,Aditya Birla Sun Life Large Cap Fund - Growth - Direct Plan,True,Equity Scheme - Large Cap Fund,0.10725469887256622
119533,1,0.0814318016249404,0.0243118066736127,0.1250125565310047,0.080871648932763,0.0412947071126767,Aditya Birla Sun Life Corporate Bond Fund - Growth - Direct Plan,True,Debt Scheme - Corporate Bond Fund,-0.15554133685011612
119533,2,0.0813490213602659,0.0415651865222534,0.1139192401403657,0.080871648932763,0.0429042232798693,Aditya Birla Sun Life Corporate Bond Fund - Growth - Direct Plan,True,Debt Scheme - Corporate Bond Fund,-0.15554133685011612
119533,3,0.0803499503134726,0.0513299486534795,0.1065944977912094,0.080871648932763,0.0500218756307621,Aditya Birla Sun Life Corporate Bond Fund - Growth - Direct Plan,True,Debt Scheme - Corporate Bond Fund,-0.15554133685011612
119533,4,0.0794997516784958,0.0596006441115539,0.1016125092006081,0.080871648932763,0.0569476344762157,Aditya Birla Sun Life Corporate Bond Fund - Growth - Direct Plan,True,Debt Scheme - Corporate Bond Fund,-0.15554133685011612
119533,5,0.0794280952944229,0.0614533897977467,0.0933959880682475,0.080871648932763,0.0603407427050367,Aditya Birla Sun Life Corporate Bond Fund - Growth - Direct Plan,True,Debt Scheme - Corporate Bond Fund,-0.15554133685011612
119533,6,0.0805872492012187,0.0644518221830567,0.0949922326411696,0.080871648932763,0.0658510360884418,Aditya Birla Sun Life Corporate Bond Fund - Growth - Direct Plan,True,Debt Scheme - Corporate Bond Fund,-0.15554133685011612
119533,7,0.0808435566001775,0.0711239814319659,0.0966136131236794,0.080871648932763,0.0674033093863015,Aditya Birla Sun Life Corporate Bond Fund - Growth - Direct Plan,True,Debt Scheme - Corporate Bond Fund,-0.15554133685011612
119533,8,0.0799436108169182,0.0729660020389033,0.0928736627227551,0.080871648932763,0.0692831725754453,Aditya Birla Sun Life Corporate Bond Fund - Growth - Direct Plan,True,Debt Scheme - Corporate Bond Fund,-0.15554133685011612
119533,9,0.079289472334044,0.0722957174796787,0.087040826552609,0.080871648932763,0.0700321245957048,Aditya Birla Sun Life Corporate Bond Fund - Growth - Direct Plan,True,Debt Scheme - Corporate Bond Fund,-0.15554133685011612
119533,10,0.0799616393814669,0.074188936164562,0.0840025910538384,0.080871648932763,0.071855548969766,Aditya Birla Sun Life Corporate Bond Fund - Growth - Direct Plan,True,Debt Scheme - Corporate Bond Fund,-0.15554133685011612
119556,1,0.2200047464367845,-0.4439748665150624,1.255059449060735,0.1688975504163887,-0.2010820103454381,Aditya Birla Sun Life Small Cap Fund - Growth - Direct Plan,True,Equity Scheme - Small Cap Fund,0.12349471151828766
119556,2,0.1901829415437481,-0.298955090710744,0.6564464884961283,0.1688975504163887,-0.1139378618665019,Aditya Birla Sun Life Small Cap Fund - Growth - Direct Plan,True,Equity Scheme - Small Cap Fund,0.12349471151828766
119556,3,0.1750632853607018,-0.1702140789278879,0.4333948016291842,0.1688975504163887,-0.0462123154655717,Aditya Birla Sun Life Small Cap Fund - Growth - Direct Plan,True,Equity Scheme - Small Cap Fund,0.12349471151828766
119556,4,0.1651549800484932,-0.0430572808750759,0.412272702737299,0.1688975504163887,0.0115891311982411,Aditya Birla Sun Life Small Cap Fund - Growth - Direct Plan,True,Equity Scheme - Small Cap Fund,0.12349471151828766
119556,5,0.1556124030826185,-0.0308428295991051,0.336371790858647,0.1688975504163887,0.0381479574806868,Aditya Birla Sun Life Small Cap Fund - Growth - Direct Plan,True,Equity Scheme - Small Cap Fund,0.12349471151828766
119556,6,0.1441305282976833,0.0399685259479623,0.2893356936161442,0.1688975504163887,0.0703254372834986,Aditya Birla Sun Life Small Cap Fund - Growth - Direct Plan,True,Equity Scheme - Small Cap Fund,0.12349471151828766
119556,7,0.1379749927674544,0.0844824909535577,0.1946250114309839,0.1688975504163887,0.1098365105353562,Aditya Birla Sun Life Small Cap Fund - Growth - Direct Plan,True,Equity Scheme - Small Cap Fund,0.12349471151828766
119556,8,0.1484029384359727,0.0843965335319518,0.2350578529135658,0.1688975504163887,0.1134003677799442,Aditya Birla Sun Life Small Cap Fund - Growth - Direct Plan,True,Equity Scheme - Small Cap Fund,0.12349471151828766
119556,9,0.155589899762301,0.1029708413688501,0.2049717191998445,0.1688975504163887,0.1395360504435299,Aditya Birla Sun Life Small Cap Fund - Growth - Direct Plan,True,Equity Scheme - Small Cap Fund,0.12349471151828766
119556,10,0.1644556860324165,0.1196318134229184,0.2129115134415502,0.1688975504163887,0.1458943703215551,Aditya Birla Sun Life Small Cap Fund - Growth - Direct Plan,True,Equity Scheme - Small Cap Fund,0.12349471151828766
119581,1,0.2270287096167419,-0.3330485535162807,1.0080536709556376,0.1812228410705405,-0.1368394030550906,Sundaram Mid Cap Fund Direct Plan - Growth,True,Equity Scheme - Mid Cap Fund,0.10048952102661132
119581,2,0.2036986572829041,-0.2112556023285886,0.6362950215417071,0.1812228410705405,-0.0597474794448412,Sundaram Mid Cap Fund Direct Plan - Growth,True,Equity Scheme - Mid Cap Fund,0.10048952102661132
119581,3,0.1860616458197454,-0.1065875449927092,0.4390735954070748,0.1812228410705405,-0.0050825847843592,Sundaram Mid Cap Fund Direct Plan - Growth,True,Equity Scheme - Mid Cap Fund,0.10048952102661132
119581,4,0.1755683641765293,-0.0108697984016759,0.3885971628262614,0.1812228410705405,0.0327162789334244,Sundaram Mid Cap Fund Direct Plan - Growth,True,Equity Scheme - Mid Cap Fund,0.10048952102661132
119581,5,0.1657125121929026,-0.0089837638372158,0.3376041485583263,0.1812228410705405,0.0510440347299109,Sundaram Mid Cap Fund Direct Plan - Growth,True,Equity Scheme - Mid Cap Fund,0.10048952102661132
119581,6,0.1557573088164886,0.0710553290565911,0.2859845625637043,0.1812228410705405,0.074210730876995,Sundaram Mid Cap Fund Direct Plan - Growth,True,Equity Scheme - Mid Cap Fund,0.10048952102661132
119581,7,0.1513021916189091,0.0969725343614174,0.2018549902371711,0.1812228410705405,0.0955627814668841,Sundaram Mid Cap Fund Direct Plan - Growth,True,Equity Scheme - Mid Cap Fund,0.10048952102661132
119581,8,0.1588936762077721,0.1032548162586781,0.2310401958566548,0.1812228410705405,0.100260024369324,Sundaram Mid Cap Fund Direct Plan - Growth,True,Equity Scheme - Mid Cap Fund,0.10048952102661132
119581,9,0.1661402153611548,0.1327409517782762,0.2138087690061969,0.1812228410705405,0.1042552699808705,Sundaram Mid Cap Fund Direct Plan - Growth,True,Equity Scheme - Mid Cap Fund,0.10048952102661132
119581,10,0.1756160613189444,0.1360114769314298,0.2156552431029086,0.1812228410705405,0.108691501917072,Sundaram Mid Cap Fund Direct Plan - Growth,True,Equity Scheme - Mid Cap Fund,0.10048952102661132
119589,1,0.253230862619593,-0.3833603789661918,1.4244052440610084,0.1814233027517882,-0.2010820103454381,Sundaram Small Cap Fund Direct Plan - Growth,True,Equity Scheme - Small Cap Fund,0.12349471151828766
119589,2,0.2124834307456881,-0.2810391447501498,0.7768835338364322,0.1814233027517882,-0.1139378618665019,Sundaram Small Cap Fund Direct Plan - Growth,True,Equity Scheme - Small Cap Fund,0.12349471151828766
119589,3,0.1904458738360109,-0.1692380166171114,0.4794462557877081,0.1814233027517882,-0.0462123154655717,Sundaram Small Cap Fund Direct Plan - Growth,True,Equity Scheme - Small Cap Fund,0.12349471151828766
119589,4,0.1802842480400103,-0.0543927711518992,0.4642363935398494,0.1814233027517882,0.0115891311982411,Sundaram Small Cap Fund Direct Plan - Growth,True,Equity Scheme - Small Cap Fund,0.12349471151828766
119589,5,0.1704482629966897,-0.0597170818008377,0.3770187748718017,0.1814233027517882,0.0381479574806868,Sundaram Small Cap Fund Direct Plan - Growth,True,Equity Scheme - Small Cap Fund,0.12349471151828766
119589,6,0.1587617419232559,0.0353579501651646,0.3269600717644807,0.1814233027517882,0.0703254372834986,Sundaram Small Cap Fund Direct Plan - Growth,True,Equity Scheme - Small Cap Fund,0.12349471151828766
119589,7,0.152890270546739,0.0919778006789779,0.2218705020145821,0.1814233027517882,0.1098365105353562,Sundaram Small Cap Fund Direct Plan - Growth,True,Equity Scheme - Small Cap Fund,0.12349471151828766
119589,8,0.1615543103879144,0.0981857822593885,0.2508220146985134,0.1814233027517882,0.1134003677799442,Sundaram Small Cap Fund Direct Plan - Growth,True,Equity Scheme - Small Cap Fund,0.12349471151828766
119589,9,0.1691547641300168,0.1221114844774311,0.2314632368976124,0.1814233027517882,0.1395360504435299,Sundaram Small Cap Fund Direct Plan - Growth,True,Equity Scheme - Small Cap Fund,0.12349471151828766
119589,10,0.1774875135403215,0.1205959560938696,0.2369269038437764,0.1814233027517882,0.1458943703215551,Sundaram Small Cap Fund Direct Plan - Growth,True,Equity Scheme - Small Cap Fund,0.12349471151828766
119598,1,0.1700965828069785,-0.3031830950620433,0.9816671669431528,0.1450109075696439,-0.0970381771842754,SBI Large Cap FUND-DIRECT PLAN -GROWTH,True,Equity Scheme - Large Cap Fund,0.10725469887256622
119598,2,0.1589662881888897,-0.1448127026969723,0.5066835223514821,0.1450109075696439,-0.0108624740371531,SBI Large Cap FUND-DIRECT PLAN -GROWTH,True,Equity Scheme - Large Cap Fund,0.10725469887256622
119598,3,0.1511597383082917,-0.062439973727036,0.3298700817200886,0.1450109075696439,0.0294966395307011,SBI Large Cap FUND-DIRECT PLAN -GROWTH,True,Equity Scheme - Large Cap Fund,0.10725469887256622
119598,4,0.1484093392662514,-0.0007705838420739,0.321197183664357,0.1450109075696439,0.0566766761259856,SBI Large Cap FUND-DIRECT PLAN -GROWTH,True,Equity Scheme - Large Cap Fund,0.10725469887256622
119598,5,0.1464571890012589,-0.0023520173207332,0.2767563835111466,0.1450109075696439,0.063749630647716,SBI Large Cap FUND-DIRECT PLAN -GROWTH,True,Equity Scheme - Large Cap Fund,0.10725469887256622
119598,6,0.1430575646380037,0.0711138235825072,0.2245607181985596,0.1450109075696439,0.0810178048157826,SBI Large Cap FUND-DIRECT PLAN -GROWTH,True,Equity Scheme - Large Cap Fund,0.10725469887256622
119598,7,0.1400751230551458,0.0837057626570354,0.1867196071958965,0.1450109075696439,0.100192182820766,SBI Large Cap FUND-DIRECT PLAN -GROWTH,True,Equity Scheme - Large Cap Fund,0.10725469887256622
119598,8,0.1448346254230149,0.1078933402682713,0.2035101012658309,0.1450109075696439,0.1047559926647103,SBI Large Cap FUND-DIRECT PLAN -GROWTH,True,Equity Scheme - Large Cap Fund,0.10725469887256622
119598,9,0.1460245370388123,0.1158114970687766,0.1845816819625865,0.1450109075696439,0.1133639788804442,SBI Large Cap FUND-DIRECT PLAN -GROWTH,True,Equity Scheme - Large Cap Fund,0.10725469887256622
119598,10,0.1484857060676236,0.1175407767238485,0.1812375676947117,0.1450109075696439,0.1177696610441443,SBI Large Cap FUND-DIRECT PLAN -GROWTH,True,Equity Scheme - Large Cap Fund,0.10725469887256622
119620,1,0.2108739604229577,-0.3536378238584066,0.9074170957741928,0.1646979296121276,-0.1368394030550906,Aditya Birla Sun Life Midcap Fund - Growth - Direct Plan,True,Equity Scheme - Mid Cap Fund,0.10048952102661132
119620,2,0.1890042820142402,-0.2165651977075893,0.59529645784522,0.1646979296121276,-0.0597474794448412,Aditya Birla Sun Life Midcap Fund - Growth - Direct Plan,True,Equity Scheme - Mid Cap Fund,0.10048952102661132
119620,3,0.1734550244367656,-0.1195694241169317,0.416663230369154,0.1646979296121276,-0.0050825847843592,Aditya Birla Sun Life Midcap Fund - Growth - Direct Plan,True,Equity Scheme - Mid Cap Fund,0.10048952102661132
119620,4,0.1652067514006967,-0.0157724059708067,0.3831814768505748,0.1646979296121276,0.0327162789334244,Aditya Birla Sun Life Midcap Fund - Growth - Direct Plan,True,Equity Scheme - Mid Cap Fund,0.10048952102661132
119620,5,0.1584669793797009,-0.0149534818835589,0.3238477733727922,0.1646979296121276,0.0510440347299109,Aditya Birla Sun Life Midcap Fund - Growth - Direct Plan,True,Equity Scheme - Mid Cap Fund,0.10048952102661132
119620,6,0.1491699738595882,0.0606138962979752,0.2734192595859084,0.1646979296121276,0.074210730876995,Aditya Birla Sun Life Midcap Fund - Growth - Direct Plan,True,Equity Scheme - Mid Cap Fund,0.10048952102661132
119620,7,0.1444484618582945,0.0898499073007912,0.1868501867718925,0.1646979296121276,0.0955627814668841,Aditya Birla Sun Life Midcap Fund - Growth - Direct Plan,True,Equity Scheme - Mid Cap Fund,0.10048952102661132
119620,8,0.1524665145516392,0.0995678674538269,0.2289614986956034,0.1646979296121276,0.100260024369324,Aditya Birla Sun Life Midcap Fund - Growth - Direct Plan,True,Equity Scheme - Mid Cap Fund,0.10048952102661132
119620,9,0.1583284918270008,0.1179720568979079,0.2100415177640611,0.1646979296121276,0.1042552699808705,Aditya Birla Sun Life Midcap Fund - Growth - Direct Plan,True,Equity Scheme - Mid Cap Fund,0.10048952102661132
119620,10,0.16474827148457,0.1265205678388374,0.2086571054048989,0.1646979296121276,0.108691501917072,Aditya Birla Sun Life Midcap Fund - Growth - Direct Plan,True,Equity Scheme - Mid Cap Fund,0.10048952102661132
119621,1,0.0819694995492335,0.0061925450247795,0.1746008790060629,0.0747576749258125,0.0412947071126767,Sundaram Corporate Bond Fund Direct Plan - Growth,True,Debt Scheme - Corporate Bond Fund,-0.15554133685011612
119621,2,0.0806053524097443,0.0364337649753263,0.1484094475945381,0.0747576749258125,0.0429042232798693,Sundaram Corporate Bond Fund Direct Plan - Growth,True,Debt Scheme - Corporate Bond Fund,-0.15554133685011612
119621,3,0.0791302859703556,0.0450492740371499,0.1353439822772635,0.0747576749258125,0.0500218756307621,Sundaram Corporate Bond Fund Direct Plan - Growth,True,Debt Scheme - Corporate Bond Fund,-0.15554133685011612
119621,4,0.077771259597547,0.0532158354476015,0.1247725911584756,0.0747576749258125,0.0569476344762157,Sundaram Corporate Bond Fund Direct Plan - Growth,True,Debt Scheme - Corporate Bond Fund,-0.15554133685011612
119621,5,0.0776320094526274,0.0583377203795238,0.1039717776088582,0.0747576749258125,0.0603407427050367,Sundaram Corporate Bond Fund Direct Plan - Growth,True,Debt Scheme - Corporate Bond Fund,-0.15554133685011612
119621,6,0.0792287262145102,0.0598196793117593,0.1057859028739964,0.0747576749258125,0.0658510360884418,Sundaram Corporate Bond Fund Direct Plan - Growth,True,Debt Scheme - Corporate Bond Fund,-0.15554133685011612
119621,7,0.0794096054745732,0.065213669680523,0.10774557197851,0.0747576749258125,0.0674033093863015,Sundaram Corporate Bond Fund Direct Plan - Growth,True,Debt Scheme - Corporate Bond Fund,-0.15554133685011612
119621,8,0.0779012123162062,0.0676318524583361,0.1013859485354535,0.0747576749258125,0.0692831725754453,Sundaram Corporate Bond Fund Direct Plan - Growth,True,Debt Scheme - Corporate Bond Fund,-0.15554133685011612
119621,9,0.0775672991778538,0.0688779031162836,0.0929273155140448,0.0747576749258125,0.0700321245957048,Sundaram Corporate Bond Fund Direct Plan - Growth,True,Debt Scheme - Corporate Bond Fund,-0.15554133685011612
119621,10,0.078920585080543,0.072829061576404,0.0895342309551878,0.0747576749258125,0.071855548969766,Sundaram Corporate Bond Fund Direct Plan - Growth,True,Debt Scheme - Corporate Bond Fund,-0.15554133685011612
119775,1,0.2576181593179572,-0.261998814365901,1.1073574595114928,0.2036486948961495,-0.1368394030550906,Kotak Midcap Fund - Direct Plan - Growth,True,Equity Scheme - Mid Cap Fund,0.10048952102661132
119775,2,0.2349476648524871,-0.1472450571029698,0.6701923970723287,0.2036486948961495,-0.0597474794448412,Kotak Midcap Fund - Direct Plan - Growth,True,Equity Scheme - Mid Cap Fund,0.10048952102661132
119775,3,0.2193253012677128,-0.0588185544329411,0.4881962472628773,0.2036486948961495,-0.0050825847843592,Kotak Midcap Fund - Direct Plan - Growth,True,Equity Scheme - Mid Cap Fund,0.10048952102661132
119775,4,0.2128894288568893,0.0439507938006429,0.4104486704667578,0.2036486948961495,0.0327162789334244,Kotak Midcap Fund - Direct Plan - Growth,True,Equity Scheme - Mid Cap Fund,0.10048952102661132
119775,5,0.2074383684688886,0.0328335448971841,0.3520514629587701,0.2036486948961495,0.0510440347299109,Kotak Midcap Fund - Direct Plan - Growth,True,Equity Scheme - Mid Cap Fund,0.10048952102661132
119775,6,0.2012419776709163,0.1225631671333156,0.3009543370944547,0.2036486948961495,0.074210730876995,Kotak Midcap Fund - Direct Plan - Growth,True,Equity Scheme - Mid Cap Fund,0.10048952102661132
119775,7,0.1977508696314013,0.1408424888514083,0.2566137217146202,0.2036486948961495,0.0955627814668841,Kotak Midcap Fund - Direct Plan - Growth,True,Equity Scheme - Mid Cap Fund,0.10048952102661132
119775,8,0.2036758679686849,0.1517140059555586,0.2939456955059671,0.2036486948961495,0.100260024369324,Kotak Midcap Fund - Direct Plan - Growth,True,Equity Scheme - Mid Cap Fund,0.10048952102661132
119775,9,0.2070281466145078,0.1621154173198828,0.2727284963634284,0.2036486948961495,0.1042552699808705,Kotak Midcap Fund - Direct Plan - Growth,True,Equity Scheme - Mid Cap Fund,0.10048952102661132
119775,10,0.2125611706052287,0.166818985342313,0.2644657590965102,0.2036486948961495,0.108691501917072,Kotak Midcap Fund - Direct Plan - Growth,True,Equity Scheme - Mid Cap Fund,0.10048952102661132
119816,1,0.0781078764253661,0.0266106620477839,0.120267683101471,0.077568867749548,0.0431882791318604,SBI SHORT TERM DEBT FUND - DIRECT PLAN -GROWTH,True,Debt Scheme - Short Duration Fund,0.08182677295472887
119816,2,0.0777256821408398,0.0351170303036549,0.1074570149122777,0.077568867749548,0.0399811069575796,SBI SHORT TERM DEBT FUND - DIRECT PLAN -GROWTH,True,Debt Scheme - Short Duration Fund,0.08182677295472887
119816,3,0.076590951992417,0.0471728133780153,0.1041925541733397,0.077568867749548,0.0410642494703923,SBI SHORT TERM DEBT FUND - DIRECT PLAN -GROWTH,True,Debt Scheme - Short Duration Fund,0.08182677295472887
119816,4,0.0755848307518581,0.054257237546307,0.1002082606650309,0.077568867749548,0.0535245764788677,SBI SHORT TERM DEBT FUND - DIRECT PLAN -GROWTH,True,Debt Scheme - Short Duration Fund,0.08182677295472887
119816,5,0.0752665993685493,0.0615294767961211,0.0902211892625355,0.077568867749548,0.0554259336020504,SBI SHORT TERM DEBT FUND - DIRECT PLAN -GROWTH,True,Debt Scheme - Short Duration Fund,0.08182677295472887
119816,6,0.0762419354846555,0.0616142208314713,0.0918641389659311,0.077568867749548,0.060809209304844,SBI SHORT TERM DEBT FUND - DIRECT PLAN -GROWTH,True,Debt Scheme - Short Duration Fund,0.08182677295472887
119816,7,0.0765657736689374,0.0666508160984675,0.093369587621183,0.077568867749548,0.062597391004215,SBI SHORT TERM DEBT FUND - DIRECT PLAN -GROWTH,True,Debt Scheme - Short Duration Fund,0.08182677295472887
119816,8,0.0756525121036889,0.0688000280461278,0.0888119701371923,0.077568867749548,0.0657365840331723,SBI SHORT TERM DEBT FUND - DIRECT PLAN -GROWTH,True,Debt Scheme - Short Duration Fund,0.08182677295472887
119816,9,0.0752596822766858,0.0694844123025446,0.0823461240128751,0.077568867749548,0.0670093219360206,SBI SHORT TERM DEBT FUND - DIRECT PLAN -GROWTH,True,Debt Scheme - Short Duration Fund,0.08182677295472887
119816,10,0.0761354558841963,0.0719087405058942,0.0801327196422272,0.077568867749548,0.0696367433718457,SBI SHORT TERM DEBT FUND - DIRECT PLAN -GROWTH,True,Debt Scheme - Short Duration Fund,0.08182677295472887
120152,1,0.1665494264102061,-0.2876159884548919,0.9725819228550808,0.1404464845652813,-0.0970381771842754,Kotak Large Cap  Fund - Growth - Direct,True,Equity Scheme - Large Cap Fund,0.10725469887256622
120152,2,0.1576202044376315,-0.1213087277182444,0.5112706346022953,0.1404464845652813,-0.0108624740371531,Kotak Large Cap  Fund - Growth - Direct,True,Equity Scheme - Large Cap Fund,0.10725469887256622
120152,3,0.1508900463959684,-0.0483729788847372,0.3285137628968095,0.1404464845652813,0.0294966395307011,Kotak Large Cap  Fund - Growth - Direct,True,Equity Scheme - Large Cap Fund,0.10725469887256622
120152,4,0.1495827434781146,0.0088991316768531,0.3308972691963261,0.1404464845652813,0.0566766761259856,Kotak Large Cap  Fund - Growth - Direct,True,Equity Scheme - Large Cap Fund,0.10725469887256622
120152,5,0.1493034860662016,-0.0004823984620456,0.2845933824664237,0.1404464845652813,0.063749630647716,Kotak Large Cap  Fund - Growth - Direct,True,Equity Scheme - Large Cap Fund,0.10725469887256622
120152,6,0.1470590763995767,0.0657792103997123,0.2322052880513527,0.1404464845652813,0.0810178048157826,Kotak Large Cap  Fund - Growth - Direct,True,Equity Scheme - Large Cap Fund,0.10725469887256622
120152,7,0.1444890237682124,0.0739782802226194,0.1802800350730649,0.1404464845652813,0.100192182820766,Kotak Large Cap  Fund - Growth - Direct,True,Equity Scheme - Large Cap Fund,0.10725469887256622
120152,8,0.1483468689597962,0.1067287590982872,0.1990185314751691,0.1404464845652813,0.1047559926647103,Kotak Large Cap  Fund - Growth - Direct,True,Equity Scheme - Large Cap Fund,0.10725469887256622
120152,9,0.1480935931473266,0.12411883314664,0.177574061827314,0.1404464845652813,0.1133639788804442,Kotak Large Cap  Fund - Growth - Direct,True,Equity Scheme - Large Cap Fund,0.10725469887256622
120152,10,0.1491012325448059,0.1183683212519521,0.1735753799637114,0.1404464845652813,0.1177696610441443,Kotak Large Cap  Fund - Growth - Direct,True,Equity Scheme - Large Cap Fund,0.10725469887256622
120251,1,0.1924703305306471,-0.2501815451364888,0.8350538797509557,0.1666996982978419,-0.0764692673574108,ICICI Prudential Equity & Debt Fund - Direct Plan - Growth,True,Hybrid Scheme - Aggressive Hybrid Fund,0.1689651702579699
120251,2,0.1814546272904564,-0.1049554056088222,0.5163959721117266,0.1666996982978419,-0.0136270529855826,ICICI Prudential Equity & Debt Fund - Direct Plan - Growth,True,Hybrid Scheme - Aggressive Hybrid Fund,0.1689651702579699
120251,3,0.1755008577559778,-0.0347401075075769,0.3469396609056718,0.1666996982978419,0.0232566088118111,ICICI Prudential Equity & Debt Fund - Direct Plan - Growth,True,Hybrid Scheme - Aggressive Hybrid Fund,0.1689651702579699
120251,4,0.1729934282141285,0.0359426384034249,0.3621267098158824,0.1666996982978419,0.050092046621311,ICICI Prudential Equity & Debt Fund - Direct Plan - Growth,True,Hybrid Scheme - Aggressive Hybrid Fund,0.1689651702579699
120251,5,0.1702326009880336,0.0266000889585715,0.3099879832315682,0.1666996982978419,0.0576633703629132,ICICI Prudential Equity & Debt Fund - Direct Plan - Growth,True,Hybrid Scheme - Aggressive Hybrid Fund,0.1689651702579699
120251,6,0.1645360756311744,0.0768099376292474,0.259918831173406,0.1666996982978419,0.0748715611075581,ICICI Prudential Equity & Debt Fund - Direct Plan - Growth,True,Hybrid Scheme - Aggressive Hybrid Fund,0.1689651702579699
120251,7,0.1611754669220344,0.1007843890431727,0.1954697018008362,0.1666996982978419,0.0936024914822738,ICICI Prudential Equity & Debt Fund - Direct Plan - Growth,True,Hybrid Scheme - Aggressive Hybrid Fund,0.1689651702579699
120251,8,0.1670782067373989,0.133029942071005,0.1993125558584869,0.1666996982978419,0.0979723004778965,ICICI Prudential Equity & Debt Fund - Direct Plan - Growth,True,Hybrid Scheme - Aggressive Hybrid Fund,0.1689651702579699
120251,9,0.1700108265744382,0.1483092051962569,0.191518361094678,0.1666996982978419,0.1015333857244824,ICICI Prudential Equity & Debt Fund - Direct Plan - Growth,True,Hybrid Scheme - Aggressive Hybrid Fund,0.1689651702579699
120251,10,0.1725372782805546,0.148170779411894,0.1936996683900365,0.1666996982978419,0.1036159481426642,ICICI Prudential Equity & Debt Fund - Direct Plan - Growth,True,Hybrid Scheme - Aggressive Hybrid Fund,0.1689651702579699
120261,1,0.1161869690876072,-0.2310049519711676,0.5207409442328328,0.1035003199294677,-0.0764692673574108,LIC MF Aggressive Hybrid Fund-Direct Plan-Growth,True,Hybrid Scheme - Aggressive Hybrid Fund,0.1689651702579699
120261,2,0.1093914136109501,-0.0618410397855964,0.30000841032697,0.1035003199294677,-0.0136270529855826,LIC MF Aggressive Hybrid Fund-Direct Plan-Growth,True,Hybrid Scheme - Aggressive Hybrid Fund,0.1689651702579699
120261,3,0.1039778991761143,-0.0217155955757551,0.1893721154121233,0.1035003199294677,0.0232566088118111,LIC MF Aggressive Hybrid Fund-Direct Plan-Growth,True,Hybrid Scheme - Aggressive Hybrid Fund,0.1689651702579699
120261,4,0.1028711775494231,0.0213504028618207,0.2118358232466408,0.1035003199294677,0.050092046621311,LIC MF Aggressive Hybrid Fund-Direct Plan-Growth,True,Hybrid Scheme - Aggressive Hybrid Fund,0.1689651702579699
120261,5,0.1024480558836735,-0.0077064523209938,0.1900242109580048,0.1035003199294677,0.0576633703629132,LIC MF Aggressive Hybrid Fund-Direct Plan-Growth,True,Hybrid Scheme - Aggressive Hybrid Fund,0.1689651702579699
120261,6,0.1015704734317475,0.046654074700315,0.1554403100841657,0.1035003199294677,0.0748715611075581,LIC MF Aggressive Hybrid Fund-Direct Plan-Growth,True,Hybrid Scheme - Aggressive Hybrid Fund,0.1689651702579699
120261,7,0.1001693934207335,0.0588694827936617,0.1347149041543571,0.1035003199294677,0.0936024914822738,LIC MF Aggressive Hybrid Fund-Direct Plan-Growth,True,Hybrid Scheme - Aggressive Hybrid Fund,0.1689651702579699
120261,8,0.1020046379361996,0.0589956848066834,0.1317673001791153,0.1035003199294677,0.0979723004778965,LIC MF Aggressive Hybrid Fund-Direct Plan-Growth,True,Hybrid Scheme - Aggressive Hybrid Fund,0.1689651702579699
120261,9,0.1016870063644572,0.0786452135380872,0.1233784333490941,0.1035003199294677,0.1015333857244824,LIC MF Aggressive Hybrid Fund-Direct Plan-Growth,True,Hybrid Scheme - Aggressive Hybrid Fund,0.1689651702579699
120261,10,0.1030490833583709,0.0753673116248834,0.1239323442190927,0.1035003199294677,0.1036159481426642,LIC MF Aggressive Hybrid Fund-Direct Plan-Growth,True,Hybrid Scheme - Aggressive Hybrid Fund,0.1689651702579699
120267,1,0.1432645802068198,-0.2038476095264535,0.6902140446049083,0.118825294180568,-0.0970381771842754,LIC MF Large Cap Fund-Direct Plan-Growth,True,Equity Scheme - Large Cap Fund,0.10725469887256622
120267,2,0.1344196877556724,-0.0700254130034092,0.4196021352734742,0.118825294180568,-0.0108624740371531,LIC MF Large Cap Fund-Direct Plan-Growth,True,Equity Scheme - Large Cap Fund,0.10725469887256622
120267,3,0.127450598571631,-0.0144009995713283,0.2466799183194319,0.118825294180568,0.0294966395307011,LIC MF Large Cap Fund-Direct Plan-Growth,True,Equity Scheme - Large Cap Fund,0.10725469887256622
120267,4,0.1275260598731104,0.0322970198233927,0.2551410892307377,0.118825294180568,0.0566766761259856,LIC MF Large Cap Fund-Direct Plan-Growth,True,Equity Scheme - Large Cap Fund,0.10725469887256622
120267,5,0.1285454423926336,0.0023568703403815,0.2226315656107245,0.118825294180568,0.063749630647716,LIC MF Large Cap Fund-Direct Plan-Growth,True,Equity Scheme - Large Cap Fund,0.10725469887256622
120267,6,0.1270063975748256,0.0652130711119802,0.1740500433522041,0.118825294180568,0.0810178048157826,LIC MF Large Cap Fund-Direct Plan-Growth,True,Equity Scheme - Large Cap Fund,0.10725469887256622
120267,7,0.1251416741600003,0.0819305044740483,0.1554148871666936,0.118825294180568,0.100192182820766,LIC MF Large Cap Fund-Direct Plan-Growth,True,Equity Scheme - Large Cap Fund,0.10725469887256622
120267,8,0.1279966367897385,0.0844839978788458,0.1776313157157705,0.118825294180568,0.1047559926647103,LIC MF Large Cap Fund-Direct Plan-Growth,True,Equity Scheme - Large Cap Fund,0.10725469887256622
120267,9,0.1271331795292193,0.1003371264984391,0.1564964114378448,0.118825294180568,0.1133639788804442,LIC MF Large Cap Fund-Direct Plan-Growth,True,Equity Scheme - Large Cap Fund,0.10725469887256622
120267,10,0.126661474087254,0.0931709842289882,0.1482934030347857,0.118825294180568,0.1177696610441443,LIC MF Large Cap Fund-Direct Plan-Growth,True,Equity Scheme - Large Cap Fund,0.10725469887256622
120381,1,0.2488240688089633,-0.356696519617053,1.2684720399503426,0.1948484897397031,-0.1368394030550906,ICICI Prudential MidCap Fund - Direct Plan -  Growth,True,Equity Scheme - Mid Cap Fund,0.10048952102661132
120381,2,0.212604236904862,-0.2114241664103974,0.7010922177756032,0.1948484897397031,-0.0597474794448412,ICICI Prudential MidCap Fund - Direct Plan -  Growth,True,Equity Scheme - Mid Cap Fund,0.10048952102661132
120381,3,0.1932904607196466,-0.099024808670686,0.4408079386749595,0.1948484897397031,-0.0050825847843592,ICICI Prudential MidCap Fund - Direct Plan -  Growth,True,Equity Scheme - Mid Cap Fund,0.10048952102661132
120381,4,0.1866361596498647,-0.0115382173988014,0.4288884701483613,0.1948484897397031,0.0327162789334244,ICICI Prudential MidCap Fund - Direct Plan -  Growth,True,Equity Scheme - Mid Cap Fund,0.10048952102661132
120381,5,0.1809458631586621,-0.0180688849474421,0.3525498261498481,0.1948484897397031,0.0510440347299109,ICICI Prudential MidCap Fund - Direct Plan -  Growth,True,Equity Scheme - Mid Cap Fund,0.10048952102661132
120381,6,0.1728435783699289,0.0669008134593569,0.3213188398381945,0.1948484897397031,0.074210730876995,ICICI Prudential MidCap Fund - Direct Plan -  Growth,True,Equity Scheme - Mid Cap Fund,0.10048952102661132
120381,7,0.1676693849316398,0.1114846870820274,0.2165606175257735,0.1948484897397031,0.0955627814668841,ICICI Prudential MidCap Fund - Direct Plan -  Growth,True,Equity Scheme - Mid Cap Fund,0.10048952102661132
120381,8,0.1756590303193791,0.1136054508189579,0.2590893459330461,0.1948484897397031,0.100260024369324,ICICI Prudential MidCap Fund - Direct Plan -  Growth,True,Equity Scheme - Mid Cap Fund,0.10048952102661132
120381,9,0.1800029044653131,0.139455779702077,0.2375328415969397,0.1948484897397031,0.1042552699808705,ICICI Prudential MidCap Fund - Direct Plan -  Growth,True,Equity Scheme - Mid Cap Fund,0.10048952102661132
120381,10,0.1855732403836534,0.1377835236840396,0.2310477447376557,0.1948484897397031,0.108691501917072,ICICI Prudential MidCap Fund - Direct Plan -  Growth,True,Equity Scheme - Mid Cap Fund,0.10048952102661132
120392,1,0.17093501395702,-0.2982344063715132,0.8386658596743217,0.1501561720317457,-0.0970381771842754,Invesco India Largecap Fund - Direct Plan - Growth,True,Equity Scheme - Large Cap Fund,0.10725469887256622
120392,2,0.1620131825879327,-0.1236225349280526,0.5018632939303314,0.1501561720317457,-0.0108624740371531,Invesco India Largecap Fund - Direct Plan - Growth,True,Equity Scheme - Large Cap Fund,0.10725469887256622
120392,3,0.154239627881445,-0.0429562883308204,0.2997439821147705,0.1501561720317457,0.0294966395307011,Invesco India Largecap Fund - Direct Plan - Growth,True,Equity Scheme - Large Cap Fund,0.10725469887256622
120392,4,0.1514970858442773,0.0141781680423971,0.3284225148681166,0.1501561720317457,0.0566766761259856,Invesco India Largecap Fund - Direct Plan - Growth,True,Equity Scheme - Large Cap Fund,0.10725469887256622
120392,5,0.1510543034044862,-9.12617115279568e-05,0.2825189646175312,0.1501561720317457,0.063749630647716,Invesco India Largecap Fund - Direct Plan - Growth,True,Equity Scheme - Large Cap Fund,0.10725469887256622
120392,6,0.1473859136187937,0.0688580163273588,0.2304119984539812,0.1501561720317457,0.0810178048157826,Invesco India Largecap Fund - Direct Plan - Growth,True,Equity Scheme - Large Cap Fund,0.10725469887256622
120392,7,0.1446710904247643,0.083204426727206,0.1789111059565979,0.1501561720317457,0.100192182820766,Invesco India Largecap Fund - Direct Plan - Growth,True,Equity Scheme - Large Cap Fund,0.10725469887256622
120392,8,0.1491246616457363,0.1016017659045462,0.1944349281988679,0.1501561720317457,0.1047559926647103,Invesco India Largecap Fund - Direct Plan - Growth,True,Equity Scheme - Large Cap Fund,0.10725469887256622
120392,9,0.1499567301970172,0.1243155707596108,0.173571977482855,0.1501561720317457,0.1133639788804442,Invesco India Largecap Fund - Direct Plan - Growth,True,Equity Scheme - Large Cap Fund,0.10725469887256622
120392,10,0.1515131831091217,0.1199581760714525,0.1747810731827184,0.1501561720317457,0.1177696610441443,Invesco India Largecap Fund - Direct Plan - Growth,True,Equity Scheme - Large Cap Fund,0.10725469887256622
120403,1,0.2539454345859358,-0.2308626537729893,1.075717267912256,0.213964151932241,-0.1368394030550906,Invesco India Midcap Fund - Direct Plan - Growth Option,True,Equity Scheme - Mid Cap Fund,0.10048952102661132
120403,2,0.2312083400361303,-0.0966736361257536,0.6111850449006224,0.213964151932241,-0.0597474794448412,Invesco India Midcap Fund - Direct Plan - Growth Option,True,Equity Scheme - Mid Cap Fund,0.10048952102661132
120403,3,0.2137670688253787,-0.0175160059788306,0.4197237306005923,0.213964151932241,-0.0050825847843592,Invesco India Midcap Fund - Direct Plan - Growth Option,True,Equity Scheme - Mid Cap Fund,0.10048952102661132
120403,4,0.2070635895784336,0.048993711874792,0.3855559770178001,0.213964151932241,0.0327162789334244,Invesco India Midcap Fund - Direct Plan - Growth Option,True,Equity Scheme - Mid Cap Fund,0.10048952102661132
120403,5,0.2036077924962931,0.0266731897910343,0.3520518482495671,0.213964151932241,0.0510440347299109,Invesco India Midcap Fund - Direct Plan - Growth Option,True,Equity Scheme - Mid Cap Fund,0.10048952102661132
120403,6,0.1978687458165334,0.1163384442089003,0.3012757468198548,0.213964151932241,0.074210730876995,Invesco India Midcap Fund - Direct Plan - Growth Option,True,Equity Scheme - Mid Cap Fund,0.10048952102661132
120403,7,0.194738786877729,0.1327537477293985,0.2476303569178193,0.213964151932241,0.0955627814668841,Invesco India Midcap Fund - Direct Plan - Growth Option,True,Equity Scheme - Mid Cap Fund,0.10048952102661132
120403,8,0.2000669856352137,0.1321846903880481,0.2704642546394598,0.213964151932241,0.100260024369324,Invesco India Midcap Fund - Direct Plan - Growth Option,True,Equity Scheme - Mid Cap Fund,0.10048952102661132
120403,9,0.2024044163742359,0.1647677514167354,0.2464694046705058,0.213964151932241,0.1042552699808705,Invesco India Midcap Fund - Direct Plan - Growth Option,True,Equity Scheme - Mid Cap Fund,0.10048952102661132
120403,10,0.2072338663240872,0.1637482562013161,0.2454471837339134,0.213964151932241,0.108691501917072,Invesco India Midcap Fund - Direct Plan - Growth Option,True,Equity Scheme - Mid Cap Fund,0.10048952102661132
120471,1,0.0628826838815725,-0.0473238486444409,0.1184087966680349,0.0658535671420637,0.0431882791318604,JM Short Term Fund (Direct) - Growth Option,True,Debt Scheme - Short Duration Fund,0.08182677295472887
120471,2,0.0670900179303319,0.0073762467338891,0.0975338150071585,0.0658535671420637,0.0399811069575796,JM Short Term Fund (Direct) - Growth Option,True,Debt Scheme - Short Duration Fund,0.08182677295472887
120471,3,0.0687877974947386,0.0215334953829509,0.0991233307785039,0.0658535671420637,0.0410642494703923,JM Short Term Fund (Direct) - Growth Option,True,Debt Scheme - Short Duration Fund,0.08182677295472887
120471,4,0.0698345409816777,0.0405661386139908,0.0920299587568234,0.0658535671420637,0.0535245764788677,JM Short Term Fund (Direct) - Growth Option,True,Debt Scheme - Short Duration Fund,0.08182677295472887
120471,5,0.0681890644766848,0.0470592596656274,0.0834089856911441,0.0658535671420637,0.0554259336020504,JM Short Term Fund (Direct) - Growth Option,True,Debt Scheme - Short Duration Fund,0.08182677295472887
120471,6,0.066261946624297,0.0566795385369987,0.0787413204117011,0.0658535671420637,0.060809209304844,JM Short Term Fund (Direct) - Growth Option,True,Debt Scheme - Short Duration Fund,0.08182677295472887
120471,7,0.0625611204475041,0.0589641351535183,0.0686984576919971,0.0658535671420637,0.062597391004215,JM Short Term Fund (Direct) - Growth Option,True,Debt Scheme - Short Duration Fund,0.08182677295472887
120490,1,0.1491211192412981,-0.1669197145916127,0.684313845900469,0.1241418515575383,-0.0970381771842754,JM Large Cap Fund (Direct) - Growth Option,True,Equity Scheme - Large Cap Fund,0.10725469887256622
120490,2,0.1410533454657371,-0.0300650497826752,0.370043718936174,0.1241418515575383,-0.0108624740371531,JM Large Cap Fund (Direct) - Growth Option,True,Equity Scheme - Large Cap Fund,0.10725469887256622
120490,3,0.134304750314485,0.0047479861044168,0.2438343495847443,0.1241418515575383,0.0294966395307011,JM Large Cap Fund (Direct) - Growth Option,True,Equity Scheme - Large Cap Fund,0.10725469887256622
120490,4,0.1315477762084105,0.0390133892200763,0.2767060428288574,0.1241418515575383,0.0566766761259856,JM Large Cap Fund (Direct) - Growth Option,True,Equity Scheme - Large Cap Fund,0.10725469887256622
120490,5,0.1299083481547647,0.020354531204904,0.219673034208949,0.1241418515575383,0.063749630647716,JM Large Cap Fund (Direct) - Growth Option,True,Equity Scheme - Large Cap Fund,0.10725469887256622
120490,6,0.1272513207227942,0.0635817963943772,0.1830779660594224,0.1241418515575383,0.0810178048157826,JM Large Cap Fund (Direct) - Growth Option,True,Equity Scheme - Large Cap Fund,0.10725469887256622
120490,7,0.1253377099511198,0.075635447790066,0.1669982161304906,0.1241418515575383,0.100192182820766,JM Large Cap Fund (Direct) - Growth Option,True,Equity Scheme - Large Cap Fund,0.10725469887256622
120490,8,0.12838921260262,0.0804214692937557,0.1655611401477679,0.1241418515575383,0.1047559926647103,JM Large Cap Fund (Direct) - Growth Option,True,Equity Scheme - Large Cap Fund,0.10725469887256622
120490,9,0.1292658133239525,0.1029941432995062,0.1535230334454527,0.1241418515575383,0.1133639788804442,JM Large Cap Fund (Direct) - Growth Option,True,Equity Scheme - Large Cap Fund,0.10725469887256622
120490,10,0.1315396997688434,0.0993573317804052,0.1645908550727948,0.1241418515575383,0.1177696610441443,JM Large Cap Fund (Direct) - Growth Option,True,Equity Scheme - Large Cap Fund,0.10725469887256622
120510,1,0.0819985942573203,0.0297579814112858,0.1276906383548333,0.0813979839895098,0.0431882791318604,Axis Short Duration Fund - Direct Plan - Growth Option,True,Debt Scheme - Short Duration Fund,0.08182677295472887
120510,2,0.0815026049335611,0.0417875980647006,0.1133957827417004,0.0813979839895098,0.0399811069575796,Axis Short Duration Fund - Direct Plan - Growth Option,True,Debt Scheme - Short Duration Fund,0.08182677295472887
120510,3,0.0803821653068295,0.0516470346544453,0.108439597363749,0.0813979839895098,0.0410642494703923,Axis Short Duration Fund - Direct Plan - Growth Option,True,Debt Scheme - Short Duration Fund,0.08182677295472887
120510,4,0.0794893477586805,0.0592598533696009,0.1034240620769255,0.0813979839895098,0.0535245764788677,Axis Short Duration Fund - Direct Plan - Growth Option,True,Debt Scheme - Short Duration Fund,0.08182677295472887
120510,5,0.0793101983454021,0.0655905807294858,0.0933567585330619,0.0813979839895098,0.0554259336020504,Axis Short Duration Fund - Direct Plan - Growth Option,True,Debt Scheme - Short Duration Fund,0.08182677295472887
120510,6,0.0803688537218064,0.0666201162942232,0.0953981336397615,0.0813979839895098,0.060809209304844,Axis Short Duration Fund - Direct Plan - Growth Option,True,Debt Scheme - Short Duration Fund,0.08182677295472887
120510,7,0.0806847951274676,0.0707585674491564,0.0974384024986509,0.0813979839895098,0.062597391004215,Axis Short Duration Fund - Direct Plan - Growth Option,True,Debt Scheme - Short Duration Fund,0.08182677295472887
120510,8,0.0797728576847711,0.0727654521897085,0.0923562833601172,0.0813979839895098,0.0657365840331723,Axis Short Duration Fund - Direct Plan - Growth Option,True,Debt Scheme - Short Duration Fund,0.08182677295472887
120510,9,0.0792400896505395,0.0739363960016215,0.086236620779345,0.0813979839895098,0.0670093219360206,Axis Short Duration Fund - Direct Plan - Growth Option,True,Debt Scheme - Short Duration Fund,0.08182677295472887
120510,10,0.0799703513284497,0.0758584965553683,0.0844128175854954,0.0813979839895098,0.0696367433718457,Axis Short Duration Fund - Direct Plan - Growth Option,True,Debt Scheme - Short Duration Fund,0.08182677295472887
120517,1,0.1489091591861585,-0.2823478278786847,0.7297244401783021,0.1255056067738056,-0.0764692673574108,Aditya Birla Sun Life Equity Hybrid'95 Fund - Direct Plan-Growth,True,Hybrid Scheme - Aggressive Hybrid Fund,0.1689651702579699
120517,2,0.1375010856173177,-0.1385352866110719,0.4352507917404016,0.1255056067738056,-0.0136270529855826,Aditya Birla Sun Life Equity Hybrid'95 Fund - Direct Plan-Growth,True,Hybrid Scheme - Aggressive Hybrid Fund,0.1689651702579699
120517,3,0.1289330615562768,-0.063599358165801,0.279424885279139,0.1255056067738056,0.0232566088118111,Aditya Birla Sun Life Equity Hybrid'95 Fund - Direct Plan-Growth,True,Hybrid Scheme - Aggressive Hybrid Fund,0.1689651702579699
120517,4,0.1246566115545718,0.0033398264028459,0.2583786248604021,0.1255056067738056,0.050092046621311,Aditya Birla Sun Life Equity Hybrid'95 Fund - Direct Plan-Growth,True,Hybrid Scheme - Aggressive Hybrid Fund,0.1689651702579699
120517,5,0.1218660113934161,0.0010986523315501,0.226420258360471,0.1255056067738056,0.0576633703629132,Aditya Birla Sun Life Equity Hybrid'95 Fund - Direct Plan-Growth,True,Hybrid Scheme - Aggressive Hybrid Fund,0.1689651702579699
120517,6,0.117630786211191,0.0626020122790496,0.1866336599038636,0.1255056067738056,0.0748715611075581,Aditya Birla Sun Life Equity Hybrid'95 Fund - Direct Plan-Growth,True,Hybrid Scheme - Aggressive Hybrid Fund,0.1689651702579699
120517,7,0.114605766829991,0.0818163980281867,0.1576118198037006,0.1255056067738056,0.0936024914822738,Aditya Birla Sun Life Equity Hybrid'95 Fund - Direct Plan-Growth,True,Hybrid Scheme - Aggressive Hybrid Fund,0.1689651702579699
120517,8,0.1197444255631543,0.0837956169307159,0.175343857358778,0.1255056067738056,0.0979723004778965,Aditya Birla Sun Life Equity Hybrid'95 Fund - Direct Plan-Growth,True,Hybrid Scheme - Aggressive Hybrid Fund,0.1689651702579699
120517,9,0.1219961451026672,0.0920311114857954,0.1557123263802575,0.1255056067738056,0.1015333857244824,Aditya Birla Sun Life Equity Hybrid'95 Fund - Direct Plan-Growth,True,Hybrid Scheme - Aggressive Hybrid Fund,0.1689651702579699
120517,10,0.1254156049692354,0.0978865285535746,0.1502190378530412,0.1255056067738056,0.1036159481426642,Aditya Birla Sun Life Equity Hybrid'95 Fund - Direct Plan-Growth,True,Hybrid Scheme - Aggressive Hybrid Fund,0.1689651702579699
120560,1,0.0762590059807973,0.0210310298475637,0.1222348804604069,0.0751247354859838,0.0431882791318604,Invesco India Short Duration Fund - Direct Plan - Growth,True,Debt Scheme - Short Duration Fund,0.08182677295472887
120560,2,0.0753136097087134,0.0332617903380063,0.109353598592218,0.0751247354859838,0.0399811069575796,Invesco India Short Duration Fund - Direct Plan - Growth,True,Debt Scheme - Short Duration Fund,0.08182677295472887
120560,3,0.0740905494808626,0.0441649350410537,0.1032883702566433,0.0751247354859838,0.0410642494703923,Invesco India Short Duration Fund - Direct Plan - Growth,True,Debt Scheme - Short Duration Fund,0.08182677295472887
120560,4,0.0729265849437273,0.0518538684289864,0.0956819813782725,0.0751247354859838,0.0535245764788677,Invesco India Short Duration Fund - Direct Plan - Growth,True,Debt Scheme - Short Duration Fund,0.08182677295472887
120560,5,0.0729361734016591,0.0597707112260237,0.0885316355326677,0.0751247354859838,0.0554259336020504,Invesco India Short Duration Fund - Direct Plan - Growth,True,Debt Scheme - Short Duration Fund,0.08182677295472887
120560,6,0.0741526599310423,0.0598999984407719,0.0899573329967957,0.0751247354859838,0.060809209304844,Invesco India Short Duration Fund - Direct Plan - Growth,True,Debt Scheme - Short Duration Fund,0.08182677295472887
120560,7,0.0743435290037054,0.063455060856461,0.0913059382431302,0.0751247354859838,0.062597391004215,Invesco India Short Duration Fund - Direct Plan - Growth,True,Debt Scheme - Short Duration Fund,0.08182677295472887
120560,8,0.0731902976602131,0.0660356321334372,0.0858925283943863,0.0751247354859838,0.0657365840331723,Invesco India Short Duration Fund - Direct Plan - Growth,True,Debt Scheme - Short Duration Fund,0.08182677295472887
120560,9,0.0727593103395841,0.0682958840590197,0.0790130627177645,0.0751247354859838,0.0670093219360206,Invesco India Short Duration Fund - Direct Plan - Growth,True,Debt Scheme - Short Duration Fund,0.08182677295472887
120560,10,0.0738883580824545,0.0704180428269636,0.0774254685086122,0.0751247354859838,0.0696367433718457,Invesco India Short Duration Fund - Direct Plan - Growth,True,Debt Scheme - Short Duration Fund,0.08182677295472887
120656,1,0.1532303309960236,-0.2789949094533754,0.8918704091980905,0.1266679169297775,-0.0970381771842754,UTI Large Cap Fund - Direct Plan - Growth Option,True,Equity Scheme - Large Cap Fund,0.10725469887256622
120656,2,0.1433955125912895,-0.1116478781557877,0.4998666405454925,0.1266679169297775,-0.0108624740371531,UTI Large Cap Fund - Direct Plan - Growth Option,True,Equity Scheme - Large Cap Fund,0.10725469887256622
120656,3,0.1368535797979995,-0.0396397286833997,0.2971307668653942,0.1266679169297775,0.0294966395307011,UTI Large Cap Fund - Direct Plan - Growth Option,True,Equity Scheme - Large Cap Fund,0.10725469887256622
120656,4,0.1369439334142193,0.0129743115303815,0.2988196447134759,0.1266679169297775,0.0566766761259856,UTI Large Cap Fund - Direct Plan - Growth Option,True,Equity Scheme - Large Cap Fund,0.10725469887256622
120656,5,0.1381874603286431,-0.0071921659860528,0.255022572296457,0.1266679169297775,0.063749630647716,UTI Large Cap Fund - Direct Plan - Growth Option,True,Equity Scheme - Large Cap Fund,0.10725469887256622
120656,6,0.1358931497070032,0.0607413360651829,0.201564036150454,0.1266679169297775,0.0810178048157826,UTI Large Cap Fund - Direct Plan - Growth Option,True,Equity Scheme - Large Cap Fund,0.10725469887256622
120656,7,0.1333208194463185,0.0731661548455189,0.1703972123712824,0.1266679169297775,0.100192182820766,UTI Large Cap Fund - Direct Plan - Growth Option,True,Equity Scheme - Large Cap Fund,0.10725469887256622
120656,8,0.1373581582423595,0.0943358442506228,0.1882001061227456,0.1266679169297775,0.1047559926647103,UTI Large Cap Fund - Direct Plan - Growth Option,True,Equity Scheme - Large Cap Fund,0.10725469887256622
120656,9,0.1364658575869506,0.1101101069581733,0.166780026943492,0.1266679169297775,0.1133639788804442,UTI Large Cap Fund - Direct Plan - Growth Option,True,Equity Scheme - Large Cap Fund,0.10725469887256622
120656,10,0.1358716029102079,0.105126397511106,0.1608240490572026,0.1266679169297775,0.1177696610441443,UTI Large Cap Fund - Direct Plan - Growth Option,True,Equity Scheme - Large Cap Fund,0.10725469887256622
120674,1,0.1496379868675069,-0.285916887211106,0.7515395187862117,0.1265902835693426,-0.0764692673574108,UTI Aggressive Hybrid Fund -Direct Plan - Growth,True,Hybrid Scheme - Aggressive Hybrid Fund,0.1689651702579699
120674,2,0.1414670086986122,-0.1463968585217733,0.4448074427397257,0.1265902835693426,-0.0136270529855826,UTI Aggressive Hybrid Fund -Direct Plan - Growth,True,Hybrid Scheme - Aggressive Hybrid Fund,0.1689651702579699
120674,3,0.1358913912305326,-0.0679962317655786,0.2984655949618131,0.1265902835693426,0.0232566088118111,UTI Aggressive Hybrid Fund -Direct Plan - Growth,True,Hybrid Scheme - Aggressive Hybrid Fund,0.1689651702579699
120674,4,0.1332593551827789,0.0008399352716939,0.3080275125583427,0.1265902835693426,0.050092046621311,UTI Aggressive Hybrid Fund -Direct Plan - Growth,True,Hybrid Scheme - Aggressive Hybrid Fund,0.1689651702579699
120674,5,0.1305051454033476,-0.0067595890182603,0.2715957082179931,0.1265902835693426,0.0576633703629132,UTI Aggressive Hybrid Fund -Direct Plan - Growth,True,Hybrid Scheme - Aggressive Hybrid Fund,0.1689651702579699
120674,6,0.1257329478606476,0.0428451133929534,0.2232102758925789,0.1265902835693426,0.0748715611075581,UTI Aggressive Hybrid Fund -Direct Plan - Growth,True,Hybrid Scheme - Aggressive Hybrid Fund,0.1689651702579699
120674,7,0.1224723545934465,0.0567440880635194,0.1573729973028417,0.1265902835693426,0.0936024914822738,UTI Aggressive Hybrid Fund -Direct Plan - Growth,True,Hybrid Scheme - Aggressive Hybrid Fund,0.1689651702579699
120674,8,0.1277403671865399,0.095406187063213,0.1571529201765646,0.1265902835693426,0.0979723004778965,UTI Aggressive Hybrid Fund -Direct Plan - Growth,True,Hybrid Scheme - Aggressive Hybrid Fund,0.1689651702579699
120674,9,0.1302175583016877,0.1107172917655181,0.1511361758068607,0.1265902835693426,0.1015333857244824,UTI Aggressive Hybrid Fund -Direct Plan - Growth,True,Hybrid Scheme - Aggressive Hybrid Fund,0.1689651702579699
120674,10,0.1331720064805878,0.1143709133483403,0.1488626019689563,0.1265902835693426,0.1036159481426642,UTI Aggressive Hybrid Fund -Direct Plan - Growth,True,Hybrid Scheme - Aggressive Hybrid Fund,0.1689651702579699
120692,1,0.0814610681016909,0.0305805437940842,0.1210008695845212,0.081394541205781,0.0412947071126767,ICICI Prudential Corporate Bond Fund - Direct Plan - Growth,True,Debt Scheme - Corporate Bond Fund,-0.15554133685011612
120692,2,0.0809055187452196,0.0433215110907612,0.1094593662282723,0.081394541205781,0.0429042232798693,ICICI Prudential Corporate Bond Fund - Direct Plan - Growth,True,Debt Scheme - Corporate Bond Fund,-0.15554133685011612
120692,3,0.0799878584908879,0.0552814920372743,0.1044175190122977,0.081394541205781,0.0500218756307621,ICICI Prudential Corporate Bond Fund - Direct Plan - Growth,True,Debt Scheme - Corporate Bond Fund,-0.15554133685011612
120692,4,0.0790679615447013,0.0610684157146823,0.0993944748606376,0.081394541205781,0.0569476344762157,ICICI Prudential Corporate Bond Fund - Direct Plan - Growth,True,Debt Scheme - Corporate Bond Fund,-0.15554133685011612
120692,5,0.0787841743326291,0.0655564427621395,0.0910609663562034,0.081394541205781,0.0603407427050367,ICICI Prudential Corporate Bond Fund - Direct Plan - Growth,True,Debt Scheme - Corporate Bond Fund,-0.15554133685011612
120692,6,0.0797563261567558,0.0668174070814053,0.0924721736298499,0.081394541205781,0.0658510360884418,ICICI Prudential Corporate Bond Fund - Direct Plan - Growth,True,Debt Scheme - Corporate Bond Fund,-0.15554133685011612
120692,7,0.0800264693709894,0.0712679148032937,0.0946358629943879,0.081394541205781,0.0674033093863015,ICICI Prudential Corporate Bond Fund - Direct Plan - Growth,True,Debt Scheme - Corporate Bond Fund,-0.15554133685011612
120692,8,0.0791929553312826,0.0728390134178531,0.0915143412715009,0.081394541205781,0.0692831725754453,ICICI Prudential Corporate Bond Fund - Direct Plan - Growth,True,Debt Scheme - Corporate Bond Fund,-0.15554133685011612
120692,9,0.0787486510452194,0.0732155417057693,0.0861271003724335,0.081394541205781,0.0700321245957048,ICICI Prudential Corporate Bond Fund - Direct Plan - Growth,True,Debt Scheme - Corporate Bond Fund,-0.15554133685011612
120692,10,0.0795786823697041,0.0749927501933596,0.0830231799413347,0.081394541205781,0.071855548969766,ICICI Prudential Corporate Bond Fund - Direct Plan - Growth,True,Debt Scheme - Corporate Bond Fund,-0.15554133685011612
120726,1,0.2339244014570736,-0.2850688531025583,1.2456404763165865,0.1819211341235425,-0.1368394030550906,UTI Mid Cap Fund-Growth Option- Direct,True,Equity Scheme - Mid Cap Fund,0.10048952102661132
120726,2,0.2051228144547594,-0.1850685591115168,0.7231608960680587,0.1819211341235425,-0.0597474794448412,UTI Mid Cap Fund-Growth Option- Direct,True,Equity Scheme - Mid Cap Fund,0.10048952102661132
120726,3,0.186808034819923,-0.0822465924191764,0.4739833803925728,0.1819211341235425,-0.0050825847843592,UTI Mid Cap Fund-Growth Option- Direct,True,Equity Scheme - Mid Cap Fund,0.10048952102661132
120726,4,0.180078385446301,-0.0079431523843336,0.3850292409698386,0.1819211341235425,0.0327162789334244,UTI Mid Cap Fund-Growth Option- Direct,True,Equity Scheme - Mid Cap Fund,0.10048952102661132
120726,5,0.1758462058760198,-0.0113659934731055,0.3234829850649585,0.1819211341235425,0.0510440347299109,UTI Mid Cap Fund-Growth Option- Direct,True,Equity Scheme - Mid Cap Fund,0.10048952102661132
120726,6,0.1695687095629121,0.082202590565519,0.2644838387713306,0.1819211341235425,0.074210730876995,UTI Mid Cap Fund-Growth Option- Direct,True,Equity Scheme - Mid Cap Fund,0.10048952102661132
120726,7,0.1661121053946496,0.1167085983984441,0.2193641590930082,0.1819211341235425,0.0955627814668841,UTI Mid Cap Fund-Growth Option- Direct,True,Equity Scheme - Mid Cap Fund,0.10048952102661132
120726,8,0.1716619387227347,0.1136599616958082,0.268081542342905,0.1819211341235425,0.100260024369324,UTI Mid Cap Fund-Growth Option- Direct,True,Equity Scheme - Mid Cap Fund,0.10048952102661132
120726,9,0.1744883248841929,0.1312505778099615,0.2435238510272028,0.1819211341235425,0.1042552699808705,UTI Mid Cap Fund-Growth Option- Direct,True,Equity Scheme - Mid Cap Fund,0.10048952102661132
120726,10,0.1790894067621657,0.1297857690737411,0.2382508785621522,0.1819211341235425,0.108691501917072,UTI Mid Cap Fund-Growth Option- Direct,True,Equity Scheme - Mid Cap Fund,0.10048952102661132
120754,1,0.0853727925876895,0.0300700563946934,0.1318171448954186,0.0847097335063646,0.0431882791318604,ICICI Prudential Short Term Fund - Direct Plan - Growth Option,True,Debt Scheme - Short Duration Fund,0.08182677295472887
120754,2,0.0851793390736393,0.0491422853951508,0.1192873362633217,0.0847097335063646,0.0399811069575796,ICICI Prudential Short Term Fund - Direct Plan - Growth Option,True,Debt Scheme - Short Duration Fund,0.08182677295472887
120754,3,0.0842909220034656,0.0595197965401959,0.1154601852815688,0.0847097335063646,0.0410642494703923,ICICI Prudential Short Term Fund - Direct Plan - Growth Option,True,Debt Scheme - Short Duration Fund,0.08182677295472887
120754,4,0.0834394093595304,0.0656267417459,0.1113120411734731,0.0847097335063646,0.0535245764788677,ICICI Prudential Short Term Fund - Direct Plan - Growth Option,True,Debt Scheme - Short Duration Fund,0.08182677295472887
120754,5,0.0829879089998003,0.0693242451818945,0.0983895017736697,0.0847097335063646,0.0554259336020504,ICICI Prudential Short Term Fund - Direct Plan - Growth Option,True,Debt Scheme - Short Duration Fund,0.08182677295472887
120754,6,0.083933764922651,0.0708860808491405,0.0985930186340864,0.0847097335063646,0.060809209304844,ICICI Prudential Short Term Fund - Direct Plan - Growth Option,True,Debt Scheme - Short Duration Fund,0.08182677295472887
120754,7,0.0841956592474651,0.0743438184224412,0.1011870719573724,0.0847097335063646,0.062597391004215,ICICI Prudential Short Term Fund - Direct Plan - Growth Option,True,Debt Scheme - Short Duration Fund,0.08182677295472887
120754,8,0.0833807477640381,0.0758350152950311,0.0963494966354987,0.0847097335063646,0.0657365840331723,ICICI Prudential Short Term Fund - Direct Plan - Growth Option,True,Debt Scheme - Short Duration Fund,0.08182677295472887
120754,9,0.0830319812284799,0.0765464550601104,0.0904163472394068,0.0847097335063646,0.0670093219360206,ICICI Prudential Short Term Fund - Direct Plan - Growth Option,True,Debt Scheme - Short Duration Fund,0.08182677295472887
120754,10,0.083979938163582,0.0795703028311267,0.0893202109785495,0.0847097335063646,0.0696367433718457,ICICI Prudential Short Term Fund - Direct Plan - Growth Option,True,Debt Scheme - Short Duration Fund,0.08182677295472887
120819,1,0.2030880158055017,-0.2247336805279913,1.062532536285405,0.1681510155403487,-0.0764692673574108,quant Aggressive Hybrid Fund-Growth Option-Direct Plan,True,Hybrid Scheme - Aggressive Hybrid Fund,0.1689651702579699
120819,2,0.1857270990442759,-0.0853774258198681,0.6441995531989091,0.1681510155403487,-0.0136270529855826,quant Aggressive Hybrid Fund-Growth Option-Direct Plan,True,Hybrid Scheme - Aggressive Hybrid Fund,0.1689651702579699
120819,3,0.1803473695653724,-0.023521382845199,0.4195243247462534,0.1681510155403487,0.0232566088118111,quant Aggressive Hybrid Fund-Growth Option-Direct Plan,True,Hybrid Scheme - Aggressive Hybrid Fund,0.1689651702579699
120819,4,0.1807219227652431,0.0116607791882967,0.4106404499757747,0.1681510155403487,0.050092046621311,quant Aggressive Hybrid Fund-Growth Option-Direct Plan,True,Hybrid Scheme - Aggressive Hybrid Fund,0.1689651702579699
120819,5,0.1824405000710344,0.0074711376653981,0.3190271753081974,0.1681510155403487,0.0576633703629132,quant Aggressive Hybrid Fund-Growth Option-Direct Plan,True,Hybrid Scheme - Aggressive Hybrid Fund,0.1689651702579699
120819,6,0.1810764188861566,0.0765875907196251,0.2673297724614247,0.1681510155403487,0.0748715611075581,quant Aggressive Hybrid Fund-Growth Option-Direct Plan,True,Hybrid Scheme - Aggressive Hybrid Fund,0.1689651702579699
120819,7,0.1775658982712876,0.0969075166155515,0.2152073760217452,0.1681510155403487,0.0936024914822738,quant Aggressive Hybrid Fund-Growth Option-Direct Plan,True,Hybrid Scheme - Aggressive Hybrid Fund,0.1689651702579699
120819,8,0.1815908646950401,0.1427590902480457,0.227503800230699,0.1681510155403487,0.0979723004778965,quant Aggressive Hybrid Fund-Growth Option-Direct Plan,True,Hybrid Scheme - Aggressive Hybrid Fund,0.1689651702579699
120819,9,0.1794007295283816,0.1480803091143703,0.2193622058026272,0.1681510155403487,0.1015333857244824,quant Aggressive Hybrid Fund-Growth Option-Direct Plan,True,Hybrid Scheme - Aggressive Hybrid Fund,0.1689651702579699
120819,10,0.1770064651402441,0.1419147089899286,0.2121547077009369,0.1681510155403487,0.1036159481426642,quant Aggressive Hybrid Fund-Growth Option-Direct Plan,True,Hybrid Scheme - Aggressive Hybrid Fund,0.1689651702579699
120828,1,0.2326348169839913,-0.4339986120692675,2.230875157093013,0.1786691243443767,-0.2010820103454381,quant Small Cap Fund - Growth Option - Direct Plan,True,Equity Scheme - Small Cap Fund,0.12349471151828766
120828,2,0.21511472403702,-0.2453809994547149,1.1872313410328634,0.1786691243443767,-0.1139378618665019,quant Small Cap Fund - Growth Option - Direct Plan,True,Equity Scheme - Small Cap Fund,0.12349471151828766
120828,3,0.2116250541925107,-0.1655710674766418,0.7165042139741997,0.1786691243443767,-0.0462123154655717,quant Small Cap Fund - Growth Option - Direct Plan,True,Equity Scheme - Small Cap Fund,0.12349471151828766
120828,4,0.2093479489543012,-0.1056730555735229,0.7060641449193616,0.1786691243443767,0.0115891311982411,quant Small Cap Fund - Growth Option - Direct Plan,True,Equity Scheme - Small Cap Fund,0.12349471151828766
120828,5,0.2109296086823786,-0.0968795424171844,0.5464462970037365,0.1786691243443767,0.0381479574806868,quant Small Cap Fund - Growth Option - Direct Plan,True,Equity Scheme - Small Cap Fund,0.12349471151828766
120828,6,0.2049990524089427,-0.0431391018929963,0.4309472536871395,0.1786691243443767,0.0703254372834986,quant Small Cap Fund - Growth Option - Direct Plan,True,Equity Scheme - Small Cap Fund,0.12349471151828766
120828,7,0.1955168685190075,-0.0257032706322472,0.3217778673249729,0.1786691243443767,0.1098365105353562,quant Small Cap Fund - Growth Option - Direct Plan,True,Equity Scheme - Small Cap Fund,0.12349471151828766
120828,8,0.2026168858570268,0.0989922998955916,0.2610829849843137,0.1786691243443767,0.1134003677799442,quant Small Cap Fund - Growth Option - Direct Plan,True,Equity Scheme - Small Cap Fund,0.12349471151828766
120828,9,0.1983125876449175,0.1363126191034345,0.241636253077214,0.1786691243443767,0.1395360504435299,quant Small Cap Fund - Growth Option - Direct Plan,True,Equity Scheme - Small Cap Fund,0.12349471151828766
120828,10,0.196653327812076,0.1510901330486171,0.2279792851780855,0.1786691243443767,0.1458943703215551,quant Small Cap Fund - Growth Option - Direct Plan,True,Equity Scheme - Small Cap Fund,0.12349471151828766
120841,1,0.1990448598263962,-0.2940203195066402,1.2141520829097645,0.1692319163726714,-0.1368394030550906,quant Mid Cap Fund - Growth Option - Direct Plan,True,Equity Scheme - Mid Cap Fund,0.10048952102661132
120841,2,0.1954962406857007,-0.1458831974991834,0.7874582812553585,0.1692319163726714,-0.0597474794448412,quant Mid Cap Fund - Growth Option - Direct Plan,True,Equity Scheme - Mid Cap Fund,0.10048952102661132
120841,3,0.1938712449838088,-0.0552426088194066,0.5007232227529286,0.1692319163726714,-0.0050825847843592,quant Mid Cap Fund - Growth Option - Direct Plan,True,Equity Scheme - Mid Cap Fund,0.10048952102661132
120841,4,0.1946297890260519,-0.0268172612165724,0.5431725404196797,0.1692319163726714,0.0327162789334244,quant Mid Cap Fund - Growth Option - Direct Plan,True,Equity Scheme - Mid Cap Fund,0.10048952102661132
120841,5,0.1961424214656201,-0.0223063428789318,0.4170380686678403,0.1692319163726714,0.0510440347299109,quant Mid Cap Fund - Growth Option - Direct Plan,True,Equity Scheme - Mid Cap Fund,0.10048952102661132
120841,6,0.1913572183473357,0.0298484630144624,0.3206130415089741,0.1692319163726714,0.074210730876995,quant Mid Cap Fund - Growth Option - Direct Plan,True,Equity Scheme - Mid Cap Fund,0.10048952102661132
120841,7,0.187058395439265,0.0389526789011984,0.2724966437566194,0.1692319163726714,0.0955627814668841,quant Mid Cap Fund - Growth Option - Direct Plan,True,Equity Scheme - Mid Cap Fund,0.10048952102661132
120841,8,0.1917885384168602,0.1257553289759496,0.2529798091806756,0.1692319163726714,0.100260024369324,quant Mid Cap Fund - Growth Option - Direct Plan,True,Equity Scheme - Mid Cap Fund,0.10048952102661132
120841,9,0.1904086317634325,0.1546843532032507,0.2248922200138228,0.1692319163726714,0.1042552699808705,quant Mid Cap Fund - Growth Option - Direct Plan,True,Equity Scheme - Mid Cap Fund,0.10048952102661132
120841,10,0.1872885694167176,0.158310058969006,0.2256130156228282,0.1692319163726714,0.108691501917072,quant Mid Cap Fund - Growth Option - Direct Plan,True,Equity Scheme - Mid Cap Fund,0.10048952102661132
123704,1,0.0746241242008107,0.0182847093476374,0.1168085292864611,0.0753116423558541,0.0431882791318604,Groww Short Term Fund (formerly known as Indiabulls Short Term Fund) - Direct Plan - Growth Option,True,Debt Scheme - Short Duration Fund,0.08182677295472887
123704,2,0.0734431339374456,0.0335189604420076,0.1101033076823128,0.0753116423558541,0.0399811069575796,Groww Short Term Fund (formerly known as Indiabulls Short Term Fund) - Direct Plan - Growth Option,True,Debt Scheme - Short Duration Fund,0.08182677295472887
123704,3,0.0712501658999449,0.04047736767313,0.1052723178499699,0.0753116423558541,0.0410642494703923,Groww Short Term Fund (formerly known as Indiabulls Short Term Fund) - Direct Plan - Growth Option,True,Debt Scheme - Short Duration Fund,0.08182677295472887
123704,4,0.0694283021509572,0.045338835365946,0.0999688000184035,0.0753116423558541,0.0535245764788677,Groww Short Term Fund (formerly known as Indiabulls Short Term Fund) - Direct Plan - Growth Option,True,Debt Scheme - Short Duration Fund,0.08182677295472887
123704,5,0.0687927257129989,0.0516727729054209,0.0945959345922164,0.0753116423558541,0.0554259336020504,Groww Short Term Fund (formerly known as Indiabulls Short Term Fund) - Direct Plan - Growth Option,True,Debt Scheme - Short Duration Fund,0.08182677295472887
123704,6,0.0685256296702277,0.0576526963591641,0.0931363209689641,0.0753116423558541,0.060809209304844,Groww Short Term Fund (formerly known as Indiabulls Short Term Fund) - Direct Plan - Growth Option,True,Debt Scheme - Short Duration Fund,0.08182677295472887
123704,7,0.068582714517847,0.0580701288863361,0.0870593752753716,0.0753116423558541,0.062597391004215,Groww Short Term Fund (formerly known as Indiabulls Short Term Fund) - Direct Plan - Growth Option,True,Debt Scheme - Short Duration Fund,0.08182677295472887
123704,8,0.0687969571484075,0.0630969921293109,0.0831916818330662,0.0753116423558541,0.0657365840331723,Groww Short Term Fund (formerly known as Indiabulls Short Term Fund) - Direct Plan - Growth Option,True,Debt Scheme - Short Duration Fund,0.08182677295472887
123704,9,0.0696743962584006,0.0637372397689575,0.0762702228894312,0.0753116423558541,0.0670093219360206,Groww Short Term Fund (formerly known as Indiabulls Short Term Fund) - Direct Plan - Growth Option,True,Debt Scheme - Short Duration Fund,0.08182677295472887
123704,10,0.0715739016609885,0.0663724933550853,0.0747353852887253,0.0753116423558541,0.0696367433718457,Groww Short Term Fund (formerly known as Indiabulls Short Term Fund) - Direct Plan - Growth Option,True,Debt Scheme - Short Duration Fund,0.08182677295472887
125307,1,0.1996870897541764,-0.2588628884891296,1.42349941485779,0.1759911451093336,-0.1368394030550906,PGIM India Midcap Fund - Direct Plan - Growth Option,True,Equity Scheme - Mid Cap Fund,0.10048952102661132
125307,2,0.1837927576460787,-0.1577419063712943,0.8186335052413918,0.1759911451093336,-0.0597474794448412,PGIM India Midcap Fund - Direct Plan - Growth Option,True,Equity Scheme - Mid Cap Fund,0.10048952102661132
125307,3,0.1835899770035506,-0.0811471813785307,0.495814866672621,0.1759911451093336,-0.0050825847843592,PGIM India Midcap Fund - Direct Plan - Growth Option,True,Equity Scheme - Mid Cap Fund,0.10048952102661132
125307,4,0.1843510070413024,-0.0060381229901531,0.4427821065059072,0.1759911451093336,0.0327162789334244,PGIM India Midcap Fund - Direct Plan - Growth Option,True,Equity Scheme - Mid Cap Fund,0.10048952102661132
125307,5,0.1905358599046846,-0.0200430831691204,0.3719678807141067,0.1759911451093336,0.0510440347299109,PGIM India Midcap Fund - Direct Plan - Growth Option,True,Equity Scheme - Mid Cap Fund,0.10048952102661132
125307,6,0.1948013420480828,0.0528531122427147,0.2976693738707734,0.1759911451093336,0.074210730876995,PGIM India Midcap Fund - Direct Plan - Growth Option,True,Equity Scheme - Mid Cap Fund,0.10048952102661132
125307,7,0.1921562737323069,0.1501662875519585,0.2390116528947861,0.1759911451093336,0.0955627814668841,PGIM India Midcap Fund - Direct Plan - Growth Option,True,Equity Scheme - Mid Cap Fund,0.10048952102661132
125307,8,0.1827883307141828,0.1403715213076752,0.2253261798238224,0.1759911451093336,0.100260024369324,PGIM India Midcap Fund - Direct Plan - Growth Option,True,Equity Scheme - Mid Cap Fund,0.10048952102661132
125307,9,0.1786482107006839,0.1501065617256858,0.1995268566025312,0.1759911451093336,0.1042552699808705,PGIM India Midcap Fund - Direct Plan - Growth Option,True,Equity Scheme - Mid Cap Fund,0.10048952102661132
125307,10,0.1772011990367945,0.1452413271449897,0.1989377012291882,0.1759911451093336,0.108691501917072,PGIM India Midcap Fund - Direct Plan - Growth Option,True,Equity Scheme - Mid Cap Fund,0.10048952102661132
125354,1,0.2314121522457374,-0.1486833288766684,1.008064594312517,0.2281635445417904,-0.2010820103454381,Axis Small Cap Fund - Direct Plan - Growth,True,Equity Scheme - Small Cap Fund,0.12349471151828766
125354,2,0.2135058152830742,-0.0741837040816366,0.6603745843263746,0.2281635445417904,-0.1139378618665019,Axis Small Cap Fund - Direct Plan - Growth,True,Equity Scheme - Small Cap Fund,0.12349471151828766
125354,3,0.2140996147876553,-0.0001326309265943,0.4130422930161597,0.2281635445417904,-0.0462123154655717,Axis Small Cap Fund - Direct Plan - Growth,True,Equity Scheme - Small Cap Fund,0.12349471151828766
125354,4,0.2125491569342122,0.0657078176597389,0.4167752043237325,0.2281635445417904,0.0115891311982411,Axis Small Cap Fund - Direct Plan - Growth,True,Equity Scheme - Small Cap Fund,0.12349471151828766
125354,5,0.2158305863837772,0.0497416620642339,0.3509794566947248,0.2281635445417904,0.0381479574806868,Axis Small Cap Fund - Direct Plan - Growth,True,Equity Scheme - Small Cap Fund,0.12349471151828766
125354,6,0.2161953503153173,0.1169925567160408,0.2975491444795473,0.2281635445417904,0.0703254372834986,Axis Small Cap Fund - Direct Plan - Growth,True,Equity Scheme - Small Cap Fund,0.12349471151828766
125354,7,0.2164698935313888,0.1766996283216682,0.2513983527271077,0.2281635445417904,0.1098365105353562,Axis Small Cap Fund - Direct Plan - Growth,True,Equity Scheme - Small Cap Fund,0.12349471151828766
125354,8,0.2110970839477648,0.1675169373231098,0.2781054940191052,0.2281635445417904,0.1134003677799442,Axis Small Cap Fund - Direct Plan - Growth,True,Equity Scheme - Small Cap Fund,0.12349471151828766
125354,9,0.2101240337858602,0.1769363726721957,0.2481658358906227,0.2281635445417904,0.1395360504435299,Axis Small Cap Fund - Direct Plan - Growth,True,Equity Scheme - Small Cap Fund,0.12349471151828766
125354,10,0.2110627866309712,0.1775383659094025,0.2633560574903708,0.2281635445417904,0.1458943703215551,Axis Small Cap Fund - Direct Plan - Growth,True,Equity Scheme - Small Cap Fund,0.12349471151828766
126685,1,0.0738041813485185,0.0208915814840211,0.1272707730750957,0.0747365092214584,0.0412947071126767,CANARA ROBECO CORPORATE BOND FUND - DIRECT PLAN - GROWTH OPTION,True,Debt Scheme - Corporate Bond Fund,-0.15554133685011612
126685,2,0.073064782435236,0.0335559877575364,0.1095384000569215,0.0747365092214584,0.0429042232798693,CANARA ROBECO CORPORATE BOND FUND - DIRECT PLAN - GROWTH OPTION,True,Debt Scheme - Corporate Bond Fund,-0.15554133685011612
126685,3,0.0716997239061843,0.04422099625152,0.0995606260502275,0.0747365092214584,0.0500218756307621,CANARA ROBECO CORPORATE BOND FUND - DIRECT PLAN - GROWTH OPTION,True,Debt Scheme - Corporate Bond Fund,-0.15554133685011612
126685,4,0.0707246746170921,0.0520005851188638,0.0893232205466272,0.0747365092214584,0.0569476344762157,CANARA ROBECO CORPORATE BOND FUND - DIRECT PLAN - GROWTH OPTION,True,Debt Scheme - Corporate Bond Fund,-0.15554133685011612
126685,5,0.0714416536520249,0.0566281867549267,0.0878334690793061,0.0747365092214584,0.0603407427050367,CANARA ROBECO CORPORATE BOND FUND - DIRECT PLAN - GROWTH OPTION,True,Debt Scheme - Corporate Bond Fund,-0.15554133685011612
126685,6,0.072231642330351,0.0573350419751936,0.0903035442565303,0.0747365092214584,0.0658510360884418,CANARA ROBECO CORPORATE BOND FUND - DIRECT PLAN - GROWTH OPTION,True,Debt Scheme - Corporate Bond Fund,-0.15554133685011612
126685,7,0.0717729735001081,0.0637321520681351,0.0871279529704165,0.0747365092214584,0.0674033093863015,CANARA ROBECO CORPORATE BOND FUND - DIRECT PLAN - GROWTH OPTION,True,Debt Scheme - Corporate Bond Fund,-0.15554133685011612
126685,8,0.0708195109796672,0.0661365110802107,0.0819183630245858,0.0747365092214584,0.0692831725754453,CANARA ROBECO CORPORATE BOND FUND - DIRECT PLAN - GROWTH OPTION,True,Debt Scheme - Corporate Bond Fund,-0.15554133685011612
126685,9,0.0712415551075856,0.066029095652218,0.076850520238596,0.0747365092214584,0.0700321245957048,CANARA ROBECO CORPORATE BOND FUND - DIRECT PLAN - GROWTH OPTION,True,Debt Scheme - Corporate Bond Fund,-0.15554133685011612
126685,10,0.0726469276344484,0.06886604284759,0.0763542097113443,0.0747365092214584,0.071855548969766,CANARA ROBECO CORPORATE BOND FUND - DIRECT PLAN - GROWTH OPTION,True,Debt Scheme - Corporate Bond Fund,-0.15554133685011612
129649,1,0.179315095625702,-0.281577781012867,1.1689539929982224,0.1663495578146689,-0.2010820103454381,Union Small Cap Fund - Direct Plan - Growth Option,True,Equity Scheme - Small Cap Fund,0.12349471151828766
129649,2,0.1736652671583702,-0.2111897363623917,0.7145640543267349,0.1663495578146689,-0.1139378618665019,Union Small Cap Fund - Direct Plan - Growth Option,True,Equity Scheme - Small Cap Fund,0.12349471151828766
129649,3,0.1738649775633854,-0.0930387743303596,0.4317319561415977,0.1663495578146689,-0.0462123154655717,Union Small Cap Fund - Direct Plan - Growth Option,True,Equity Scheme - Small Cap Fund,0.12349471151828766
129649,4,0.1691545212074791,-0.0249481678119622,0.4337393131533131,0.1663495578146689,0.0115891311982411,Union Small Cap Fund - Direct Plan - Growth Option,True,Equity Scheme - Small Cap Fund,0.12349471151828766
129649,5,0.1766763179536185,-0.0337427189253994,0.3619932295152721,0.1663495578146689,0.0381479574806868,Union Small Cap Fund - Direct Plan - Growth Option,True,Equity Scheme - Small Cap Fund,0.12349471151828766
129649,6,0.180736594436454,0.0410985762753333,0.3111913276635496,0.1663495578146689,0.0703254372834986,Union Small Cap Fund - Direct Plan - Growth Option,True,Equity Scheme - Small Cap Fund,0.12349471151828766
129649,7,0.1739295182637261,0.1161777640083836,0.2490690021186581,0.1663495578146689,0.1098365105353562,Union Small Cap Fund - Direct Plan - Growth Option,True,Equity Scheme - Small Cap Fund,0.12349471151828766
129649,8,0.1644423445347662,0.1137502070009073,0.2132767671442443,0.1663495578146689,0.1134003677799442,Union Small Cap Fund - Direct Plan - Growth Option,True,Equity Scheme - Small Cap Fund,0.12349471151828766
129649,9,0.1678442942128247,0.1427138764310593,0.1926111070622025,0.1663495578146689,0.1395360504435299,Union Small Cap Fund - Direct Plan - Growth Option,True,Equity Scheme - Small Cap Fund,0.12349471151828766
129649,10,0.1633246258510675,0.1283562627171488,0.1849086992716893,0.1663495578146689,0.1458943703215551,Union Small Cap Fund - Direct Plan - Growth Option,True,Equity Scheme - Small Cap Fund,0.12349471151828766
130503,1,0.2155877752475952,-0.4302381806626724,1.264755465415552,0.1827945405170021,-0.2010820103454381,HDFC Small Cap Fund - Growth Option - Direct Plan,True,Equity Scheme - Small Cap Fund,0.12349471151828766
130503,2,0.2073668054536024,-0.2478692471179093,0.7326364697225112,0.1827945405170021,-0.1139378618665019,HDFC Small Cap Fund - Growth Option - Direct Plan,True,Equity Scheme - Small Cap Fund,0.12349471151828766
130503,3,0.2055902721867712,-0.0924286398524096,0.4974750756848047,0.1827945405170021,-0.0462123154655717,HDFC Small Cap Fund - Growth Option - Direct Plan,True,Equity Scheme - Small Cap Fund,0.12349471151828766
130503,4,0.1953980021564472,0.0063226786125261,0.496591067365929,0.1827945405170021,0.0115891311982411,HDFC Small Cap Fund - Growth Option - Direct Plan,True,Equity Scheme - Small Cap Fund,0.12349471151828766
130503,5,0.194896623447919,0.0038171010847858,0.3949325137821518,0.1827945405170021,0.0381479574806868,HDFC Small Cap Fund - Growth Option - Direct Plan,True,Equity Scheme - Small Cap Fund,0.12349471151828766
130503,6,0.196390888946293,0.0842091549074011,0.3198887318382801,0.1827945405170021,0.0703254372834986,HDFC Small Cap Fund - Growth Option - Direct Plan,True,Equity Scheme - Small Cap Fund,0.12349471151828766
130503,7,0.192286144534406,0.1476879168261826,0.2368941266100555,0.1827945405170021,0.1098365105353562,HDFC Small Cap Fund - Growth Option - Direct Plan,True,Equity Scheme - Small Cap Fund,0.12349471151828766
130503,8,0.1915557800362698,0.1423844914000851,0.2506593804842887,0.1827945405170021,0.1134003677799442,HDFC Small Cap Fund - Growth Option - Direct Plan,True,Equity Scheme - Small Cap Fund,0.12349471151828766
130503,9,0.2001617282436937,0.1617613113138158,0.2286337665727404,0.1827945405170021,0.1395360504435299,HDFC Small Cap Fund - Growth Option - Direct Plan,True,Equity Scheme - Small Cap Fund,0.12349471151828766
130503,10,0.1958976738166735,0.1700541394549155,0.2231361876666167,0.1827945405170021,0.1458943703215551,HDFC Small Cap Fund - Growth Option - Direct Plan,True,Equity Scheme - Small Cap Fund,0.12349471151828766
133035,1,0.1472075798995172,-0.2214970417294696,0.8428166232599665,0.1335482150709328,-0.0764692673574108,Kotak Aggressive Hybrid Fund - Direct Plan -Growth,True,Hybrid Scheme - Aggressive Hybrid Fund,0.1689651702579699
133035,2,0.1491884441739458,-0.1040240274052872,0.4751701919790012,0.1335482150709328,-0.0136270529855826,Kotak Aggressive Hybrid Fund - Direct Plan -Growth,True,Hybrid Scheme - Aggressive Hybrid Fund,0.1689651702579699
133035,3,0.1469856656773333,-0.0419225202005136,0.3149583223932419,0.1335482150709328,0.0232566088118111,Kotak Aggressive Hybrid Fund - Direct Plan -Growth,True,Hybrid Scheme - Aggressive Hybrid Fund,0.1689651702579699
133035,4,0.1457251189146627,0.0221460992190134,0.3075123845048331,0.1335482150709328,0.050092046621311,Kotak Aggressive Hybrid Fund - Direct Plan -Growth,True,Hybrid Scheme - Aggressive Hybrid Fund,0.1689651702579699
133035,5,0.1505177030668,0.0139988643225708,0.2701680234935488,0.1335482150709328,0.0576633703629132,Kotak Aggressive Hybrid Fund - Direct Plan -Growth,True,Hybrid Scheme - Aggressive Hybrid Fund,0.1689651702579699
133035,6,0.1541136566149053,0.0948745825591641,0.2275420267034029,0.1335482150709328,0.0748715611075581,Kotak Aggressive Hybrid Fund - Direct Plan -Growth,True,Hybrid Scheme - Aggressive Hybrid Fund,0.1689651702579699
133035,7,0.1476533142029049,0.1135733573532637,0.1837174641050551,0.1335482150709328,0.0936024914822738,Kotak Aggressive Hybrid Fund - Direct Plan -Growth,True,Hybrid Scheme - Aggressive Hybrid Fund,0.1689651702579699
133035,8,0.1440419296074065,0.1155624382282862,0.1707985867755017,0.1335482150709328,0.0979723004778965,Kotak Aggressive Hybrid Fund - Direct Plan -Growth,True,Hybrid Scheme - Aggressive Hybrid Fund,0.1689651702579699
133035,9,0.1465696088814267,0.1253524042178231,0.1669683854139494,0.1335482150709328,0.1015333857244824,Kotak Aggressive Hybrid Fund - Direct Plan -Growth,True,Hybrid Scheme - Aggressive Hybrid Fund,0.1689651702579699
133035,10,0.1442464679105199,0.1245565117147886,0.1625079903833628,0.1335482150709328,0.1036159481426642,Kotak Aggressive Hybrid Fund - Direct Plan -Growth,True,Hybrid Scheme - Aggressive Hybrid Fund,0.1689651702579699
133791,1,0.0763472438851236,0.0275132102698849,0.1298872185575004,0.0759674173778268,0.0412947071126767,Kotak Corporate Bond Fund- Direct Plan- Growth Option,True,Debt Scheme - Corporate Bond Fund,-0.15554133685011612
133791,2,0.0757662896917659,0.0358115289035301,0.1032544325079811,0.0759674173778268,0.0429042232798693,Kotak Corporate Bond Fund- Direct Plan- Growth Option,True,Debt Scheme - Corporate Bond Fund,-0.15554133685011612
133791,3,0.0746162143542006,0.0470579021278168,0.0928163590304436,0.0759674173778268,0.0500218756307621,Kotak Corporate Bond Fund- Direct Plan- Growth Option,True,Debt Scheme - Corporate Bond Fund,-0.15554133685011612
133791,4,0.0741236063151524,0.054211602646895,0.0948453475123805,0.0759674173778268,0.0569476344762157,Kotak Corporate Bond Fund- Direct Plan- Growth Option,True,Debt Scheme - Corporate Bond Fund,-0.15554133685011612
133791,5,0.0740241519026836,0.0628326611246481,0.0929290947598224,0.0759674173778268,0.0603407427050366,Kotak Corporate Bond Fund- Direct Plan- Growth Option,True,Debt Scheme - Corporate Bond Fund,-0.15554133685011612
133791,6,0.0740545172810874,0.0622653845359728,0.0852188331109715,0.0759674173778268,0.0658510360884418,Kotak Corporate Bond Fund- Direct Plan- Growth Option,True,Debt Scheme - Corporate Bond Fund,-0.15554133685011612
133791,7,0.0740017957022917,0.0691634992848415,0.08019460875868,0.0759674173778268,0.0674033093863015,Kotak Corporate Bond Fund- Direct Plan- Growth Option,True,Debt Scheme - Corporate Bond Fund,-0.15554133685011612
133791,8,0.0743545597664943,0.0722240359709902,0.0761908251717424,0.0759674173778268,0.0692831725754453,Kotak Corporate Bond Fund- Direct Plan- Growth Option,True,Debt Scheme - Corporate Bond Fund,-0.15554133685011612
133791,9,0.0751667024221837,0.0716860476307437,0.0780046206292652,0.0759674173778268,0.0700321245957048,Kotak Corporate Bond Fund- Direct Plan- Growth Option,True,Debt Scheme - Corporate Bond Fund,-0.15554133685011612
133791,10,0.0764123091319379,0.0736411258073801,0.0785413774615719,0.0759674173778268,0.071855548969766,Kotak Corporate Bond Fund- Direct Plan- Growth Option,True,Debt Scheme - Corporate Bond Fund,-0.15554133685011612
134813,1,0.151902486976186,-0.2151926968952281,0.7011677684788924,0.1333519624331496,-0.0764692673574108,Mirae Asset Aggressive Hybrid Fund - Direct Plan - Growth,True,Hybrid Scheme - Aggressive Hybrid Fund,0.1689651702579699
134813,2,0.1480716939195614,-0.0604111201985855,0.4047977598555703,0.1333519624331496,-0.0136270529855826,Mirae Asset Aggressive Hybrid Fund - Direct Plan - Growth,True,Hybrid Scheme - Aggressive Hybrid Fund,0.1689651702579699
134813,3,0.1448363152596422,-0.0015765897002595,0.261273670601635,0.1333519624331496,0.0232566088118111,Mirae Asset Aggressive Hybrid Fund - Direct Plan - Growth,True,Hybrid Scheme - Aggressive Hybrid Fund,0.1689651702579699
134813,4,0.143994861697443,0.055718482929908,0.266091680589591,0.1333519624331496,0.050092046621311,Mirae Asset Aggressive Hybrid Fund - Direct Plan - Growth,True,Hybrid Scheme - Aggressive Hybrid Fund,0.1689651702579699
134813,5,0.1502087442465724,0.0994503176771899,0.2356060195852312,0.1333519624331496,0.0576633703629132,Mirae Asset Aggressive Hybrid Fund - Direct Plan - Growth,True,Hybrid Scheme - Aggressive Hybrid Fund,0.1689651702579699
134813,6,0.1495478880487578,0.1175456884424865,0.1994829641945408,0.1333519624331496,0.0748715611075581,Mirae Asset Aggressive Hybrid Fund - Direct Plan - Growth,True,Hybrid Scheme - Aggressive Hybrid Fund,0.1689651702579699
134813,7,0.1436911711178974,0.1239437772867473,0.1590395171060716,0.1333519624331496,0.0936024914822738,Mirae Asset Aggressive Hybrid Fund - Direct Plan - Growth,True,Hybrid Scheme - Aggressive Hybrid Fund,0.1689651702579699
134813,8,0.144552568464559,0.1243680319309745,0.1701311130486571,0.1333519624331496,0.0979723004778965,Mirae Asset Aggressive Hybrid Fund - Direct Plan - Growth,True,Hybrid Scheme - Aggressive Hybrid Fund,0.1689651702579699
134813,9,0.1464798469092093,0.1245865126173702,0.1633623548167355,0.1333519624331496,0.1015333857244824,Mirae Asset Aggressive Hybrid Fund - Direct Plan - Growth,True,Hybrid Scheme - Aggressive Hybrid Fund,0.1689651702579699
134813,10,0.1452021400889808,0.1363505372731241,0.1595223976277575,0.1333519624331496,0.1036159481426642,Mirae Asset Aggressive Hybrid Fund - Direct Plan - Growth,True,Hybrid Scheme - Aggressive Hybrid Fund,0.1689651702579699
135916,1,0.0722803626729958,0.0162951686002053,0.1329385512404304,0.0738004479608402,0.0412947071126767,BANDHAN Corporate Bond Fund - Direct Growth,True,Debt Scheme - Corporate Bond Fund,-0.15554133685011612
135916,2,0.0711364663161978,0.0333193420258668,0.1078880519763074,0.0738004479608402,0.0429042232798693,BANDHAN Corporate Bond Fund - Direct Growth,True,Debt Scheme - Corporate Bond Fund,-0.15554133685011612
135916,3,0.0708329714287703,0.0455800818012954,0.0923166960056385,0.0738004479608402,0.0500218756307621,BANDHAN Corporate Bond Fund - Direct Growth,True,Debt Scheme - Corporate Bond Fund,-0.15554133685011612
135916,4,0.0700292000183729,0.0524160236795994,0.0907164200931593,0.0738004479608402,0.0569476344762157,BANDHAN Corporate Bond Fund - Direct Growth,True,Debt Scheme - Corporate Bond Fund,-0.15554133685011612
135916,5,0.069472267296979,0.0584291378804449,0.0880334250442222,0.0738004479608402,0.0603407427050367,BANDHAN Corporate Bond Fund - Direct Growth,True,Debt Scheme - Corporate Bond Fund,-0.15554133685011612
135916,6,0.0698125246116856,0.060827824146066,0.0818675285286889,0.0738004479608402,0.0658510360884418,BANDHAN Corporate Bond Fund - Direct Growth,True,Debt Scheme - Corporate Bond Fund,-0.15554133685011612
135916,7,0.0704698360905832,0.066041431337158,0.0757171622797123,0.0738004479608402,0.0674033093863015,BANDHAN Corporate Bond Fund - Direct Growth,True,Debt Scheme - Corporate Bond Fund,-0.15554133685011612
135916,8,0.0708747291235148,0.0676460579583384,0.0744383312676462,0.0738004479608402,0.0692831725754453,BANDHAN Corporate Bond Fund - Direct Growth,True,Debt Scheme - Corporate Bond Fund,-0.15554133685011612
135916,9,0.0717234526655247,0.0687929886283389,0.0753510332723748,0.0738004479608402,0.0700321245957048,BANDHAN Corporate Bond Fund - Direct Growth,True,Debt Scheme - Corporate Bond Fund,-0.15554133685011612
135916,10,0.0729128911103122,0.0716224420825271,0.0747595037753767,0.0738004479608402,0.071855548969766,BANDHAN Corporate Bond Fund - Direct Growth,True,Debt Scheme - Corporate Bond Fund,-0.15554133685011612
138330,1,0.0716117422103116,0.02817427567841,0.1141603576774616,0.0730008514246505,0.0412947071126767,PGIM India Corporate Bond Fund - Direct Plan - Growth,True,Debt Scheme - Corporate Bond Fund,-0.15554133685011612
138330,2,0.0712008639947741,0.0412354894231268,0.1045755180876728,0.0730008514246505,0.0429042232798693,PGIM India Corporate Bond Fund - Direct Plan - Growth,True,Debt Scheme - Corporate Bond Fund,-0.15554133685011612
138330,3,0.0713306128844511,0.0505863795203618,0.0900891704980315,0.0730008514246505,0.0500218756307621,PGIM India Corporate Bond Fund - Direct Plan - Growth,True,Debt Scheme - Corporate Bond Fund,-0.15554133685011612
138330,4,0.0706970714780805,0.0581960638587371,0.0840720743939433,0.0730008514246505,0.0569476344762157,PGIM India Corporate Bond Fund - Direct Plan - Growth,True,Debt Scheme - Corporate Bond Fund,-0.15554133685011612
138330,5,0.0701274060568973,0.0613991680406944,0.0808473031204073,0.0730008514246505,0.0603407427050367,PGIM India Corporate Bond Fund - Direct Plan - Growth,True,Debt Scheme - Corporate Bond Fund,-0.15554133685011612
138330,6,0.0704987655784716,0.0639470814450844,0.0772304514787503,0.0730008514246505,0.0658510360884418,PGIM India Corporate Bond Fund - Direct Plan - Growth,True,Debt Scheme - Corporate Bond Fund,-0.15554133685011612
138330,7,0.0712988456096519,0.065310675755877,0.0775772842658342,0.0730008514246505,0.0674033093863015,PGIM India Corporate Bond Fund - Direct Plan - Growth,True,Debt Scheme - Corporate Bond Fund,-0.15554133685011612
138330,8,0.0711764786526945,0.0677357219900638,0.0735803850616378,0.0730008514246505,0.0692831725754453,PGIM India Corporate Bond Fund - Direct Plan - Growth,True,Debt Scheme - Corporate Bond Fund,-0.15554133685011612
138330,9,0.0716214295347681,0.0689096308957135,0.0753739801101192,0.0730008514246505,0.0700321245957048,PGIM India Corporate Bond Fund - Direct Plan - Growth,True,Debt Scheme - Corporate Bond Fund,-0.15554133685011612
138330,10,0.0718611381147765,0.0709279419975104,0.0732530415025023,0.0730008514246505,0.071855548969766,PGIM India Corporate Bond Fund - Direct Plan - Growth,True,Debt Scheme - Corporate Bond Fund,-0.15554133685011612
138386,1,0.1157914609511246,-0.2472872571891619,0.6948525796551575,0.1096143264687112,-0.0764692673574108,PGIM India Aggressive Hybrid Equity Fund - Direct Plan - Growth,True,Hybrid Scheme - Aggressive Hybrid Fund,0.1689651702579699
138386,2,0.1106692065786903,-0.1151401220169135,0.3721796457030462,0.1096143264687112,-0.0136270529855826,PGIM India Aggressive Hybrid Equity Fund - Direct Plan - Growth,True,Hybrid Scheme - Aggressive Hybrid Fund,0.1689651702579699
138386,3,0.1112775352418596,-0.0569096465811297,0.2493509595855545,0.1096143264687112,0.0232566088118111,PGIM India Aggressive Hybrid Equity Fund - Direct Plan - Growth,True,Hybrid Scheme - Aggressive Hybrid Fund,0.1689651702579699
138386,4,0.1117417497964123,-0.0019153695377003,0.2449420003839908,0.1096143264687112,0.050092046621311,PGIM India Aggressive Hybrid Equity Fund - Direct Plan - Growth,True,Hybrid Scheme - Aggressive Hybrid Fund,0.1689651702579699
138386,5,0.1193775523210032,0.061988294348543,0.2176884076738088,0.1096143264687112,0.0576633703629132,PGIM India Aggressive Hybrid Equity Fund - Direct Plan - Growth,True,Hybrid Scheme - Aggressive Hybrid Fund,0.1689651702579699
138386,6,0.1142019366953761,0.0796771234812887,0.175042386177904,0.1096143264687112,0.0748715611075581,PGIM India Aggressive Hybrid Equity Fund - Direct Plan - Growth,True,Hybrid Scheme - Aggressive Hybrid Fund,0.1689651702579699
138386,7,0.1104460909765849,0.0908484373785427,0.1330457551804384,0.1096143264687112,0.0936024914822738,PGIM India Aggressive Hybrid Equity Fund - Direct Plan - Growth,True,Hybrid Scheme - Aggressive Hybrid Fund,0.1689651702579699
138386,8,0.1093827715609733,0.0919284786390646,0.1263578771362103,0.1096143264687112,0.0979723004778965,PGIM India Aggressive Hybrid Equity Fund - Direct Plan - Growth,True,Hybrid Scheme - Aggressive Hybrid Fund,0.1689651702579699
138386,9,0.1073988112115747,0.0876726409763015,0.1178594996429682,0.1096143264687112,0.1015333857244824,PGIM India Aggressive Hybrid Equity Fund - Direct Plan - Growth,True,Hybrid Scheme - Aggressive Hybrid Fund,0.1689651702579699
138386,10,0.1032416801257609,0.0974341279717909,0.1076073452967623,0.1096143264687112,0.1036159481426642,PGIM India Aggressive Hybrid Equity Fund - Direct Plan - Growth,True,Hybrid Scheme - Aggressive Hybrid Fund,0.1689651702579699
140228,1,0.2281752873044717,-0.2770868723881702,1.1474791828151665,0.2068119304213727,-0.1368394030550906,Edelweiss Mid Cap Fund - Direct Plan - Growth Option,True,Equity Scheme - Mid Cap Fund,0.10048952102661132
140228,2,0.2195452965567629,-0.1757708683555834,0.6474618050339318,0.2068119304213727,-0.0597474794448412,Edelweiss Mid Cap Fund - Direct Plan - Growth Option,True,Equity Scheme - Mid Cap Fund,0.10048952102661132
140228,3,0.2269463266471087,-0.0501725660136535,0.4155598221273278,0.2068119304213727,-0.0050825847843592,Edelweiss Mid Cap Fund - Direct Plan - Growth Option,True,Equity Scheme - Mid Cap Fund,0.10048952102661132
140228,4,0.2374475982511437,0.1295529681864939,0.4419780989397641,0.2068119304213727,0.0327162789334244,Edelweiss Mid Cap Fund - Direct Plan - Growth Option,True,Equity Scheme - Mid Cap Fund,0.10048952102661132
140228,5,0.2380879298579154,0.119171782409448,0.3936358192415639,0.2068119304213727,0.0510440347299109,Edelweiss Mid Cap Fund - Direct Plan - Growth Option,True,Equity Scheme - Mid Cap Fund,0.10048952102661132
140228,6,0.2310710496054646,0.149916442510422,0.3294234153373343,0.2068119304213727,0.074210730876995,Edelweiss Mid Cap Fund - Direct Plan - Growth Option,True,Equity Scheme - Mid Cap Fund,0.10048952102661132
140228,7,0.2192455718044962,0.1778264987944338,0.2504388251057086,0.2068119304213727,0.0955627814668841,Edelweiss Mid Cap Fund - Direct Plan - Growth Option,True,Equity Scheme - Mid Cap Fund,0.10048952102661132
140228,8,0.2004453559857146,0.1713089152630587,0.2457883816905735,0.2068119304213727,0.100260024369324,Edelweiss Mid Cap Fund - Direct Plan - Growth Option,True,Equity Scheme - Mid Cap Fund,0.10048952102661132
140228,9,0.1994708913852088,0.1822346091727811,0.2218662515248382,0.2068119304213727,0.1042552699808705,Edelweiss Mid Cap Fund - Direct Plan - Growth Option,True,Equity Scheme - Mid Cap Fund,0.10048952102661132
141588,1,0.0763696614813772,0.0278853265016973,0.133969947415887,0.0756760998170875,0.0412947071126767,Axis Corporate Bond Fund - Direct Plan Growth,True,Debt Scheme - Corporate Bond Fund,-0.15554133685011612
141588,2,0.0756976650917866,0.0431164873798783,0.1034220183924525,0.0756760998170875,0.0429042232798693,Axis Corporate Bond Fund - Direct Plan Growth,True,Debt Scheme - Corporate Bond Fund,-0.15554133685011612
141588,3,0.0745051940533277,0.0525145985922217,0.0935339032040059,0.0756760998170875,0.0500218756307621,Axis Corporate Bond Fund - Direct Plan Growth,True,Debt Scheme - Corporate Bond Fund,-0.15554133685011612
141588,4,0.0718651602001059,0.0611848945186279,0.083549075541218,0.0756760998170875,0.0569476344762157,Axis Corporate Bond Fund - Direct Plan Growth,True,Debt Scheme - Corporate Bond Fund,-0.15554133685011612
141588,5,0.071915768741947,0.0652991080838756,0.0797095876079083,0.0756760998170875,0.0603407427050367,Axis Corporate Bond Fund - Direct Plan Growth,True,Debt Scheme - Corporate Bond Fund,-0.15554133685011612
141588,6,0.0745367629171189,0.0680391880040176,0.081930695174921,0.0756760998170875,0.0658510360884418,Axis Corporate Bond Fund - Direct Plan Growth,True,Debt Scheme - Corporate Bond Fund,-0.15554133685011612
141588,7,0.0756766020313678,0.0701620300284973,0.0795571586237899,0.0756760998170875,0.0674033093863015,Axis Corporate Bond Fund - Direct Plan Growth,True,Debt Scheme - Corporate Bond Fund,-0.15554133685011612
141588,8,0.0761938202671849,0.0741570965305065,0.0777378085778388,0.0756760998170875,0.0692831725754453,Axis Corporate Bond Fund - Direct Plan Growth,True,Debt Scheme - Corporate Bond Fund,-0.15554133685011612
